"hh_pop_rep_num","hh_intro","hhead_note","person_number","person_gender","person_age","male_adult","female_adult","male_youth","female_youth","male_child","female_child","PARENT_KEY","KEY"
1,NA,NA,NA,"M",36,1,0,0,0,0,0,"uuid:f9f14f56-22ec-4c5c-b4c4-8b0a8ae056c2","uuid:f9f14f56-22ec-4c5c-b4c4-8b0a8ae056c2/survey_grp/SECTION_HOUSEHOLD_INFO/householdpopulation/hh_pop_repeat[1]"
2,NA,NA,NA,"F",38,0,2,0,0,0,0,"uuid:f9f14f56-22ec-4c5c-b4c4-8b0a8ae056c2","uuid:f9f14f56-22ec-4c5c-b4c4-8b0a8ae056c2/survey_grp/SECTION_HOUSEHOLD_INFO/householdpopulation/hh_pop_repeat[2]"
3,NA,NA,NA,"F",57,0,2,0,0,0,0,"uuid:f9f14f56-22ec-4c5c-b4c4-8b0a8ae056c2","uuid:f9f14f56-22ec-4c5c-b4c4-8b0a8ae056c2/survey_grp/SECTION_HOUSEHOLD_INFO/householdpopulation/hh_pop_repeat[3]"
4,NA,NA,NA,"M",11,0,0,0,0,5,0,"uuid:f9f14f56-22ec-4c5c-b4c4-8b0a8ae056c2","uuid:f9f14f56-22ec-4c5c-b4c4-8b0a8ae056c2/survey_grp/SECTION_HOUSEHOLD_INFO/householdpopulation/hh_pop_repeat[4]"
5,NA,NA,NA,"F",10,0,0,0,0,0,6,"uuid:f9f14f56-22ec-4c5c-b4c4-8b0a8ae056c2","uuid:f9f14f56-22ec-4c5c-b4c4-8b0a8ae056c2/survey_grp/SECTION_HOUSEHOLD_INFO/householdpopulation/hh_pop_repeat[5]"
6,NA,NA,NA,"M",7,0,0,0,0,5,0,"uuid:f9f14f56-22ec-4c5c-b4c4-8b0a8ae056c2","uuid:f9f14f56-22ec-4c5c-b4c4-8b0a8ae056c2/survey_grp/SECTION_HOUSEHOLD_INFO/householdpopulation/hh_pop_repeat[6]"
1,NA,NA,NA,"M",32,1,0,0,0,0,0,"uuid:81e4961c-f0e1-4194-849b-a58b3f73bd3d","uuid:81e4961c-f0e1-4194-849b-a58b3f73bd3d/survey_grp/SECTION_HOUSEHOLD_INFO/householdpopulation/hh_pop_repeat[1]"
2,NA,NA,NA,"F",36,0,2,0,0,0,0,"uuid:81e4961c-f0e1-4194-849b-a58b3f73bd3d","uuid:81e4961c-f0e1-4194-849b-a58b3f73bd3d/survey_grp/SECTION_HOUSEHOLD_INFO/householdpopulation/hh_pop_repeat[2]"
3,NA,NA,NA,"F",8,0,0,0,0,0,6,"uuid:81e4961c-f0e1-4194-849b-a58b3f73bd3d","uuid:81e4961c-f0e1-4194-849b-a58b3f73bd3d/survey_grp/SECTION_HOUSEHOLD_INFO/householdpopulation/hh_pop_repeat[3]"
4,NA,NA,NA,"M",4,0,0,0,0,5,0,"uuid:81e4961c-f0e1-4194-849b-a58b3f73bd3d","uuid:81e4961c-f0e1-4194-849b-a58b3f73bd3d/survey_grp/SECTION_HOUSEHOLD_INFO/householdpopulation/hh_pop_repeat[4]"
5,NA,NA,NA,"F",1,0,0,0,0,0,6,"uuid:81e4961c-f0e1-4194-849b-a58b3f73bd3d","uuid:81e4961c-f0e1-4194-849b-a58b3f73bd3d/survey_grp/SECTION_HOUSEHOLD_INFO/householdpopulation/hh_pop_repeat[5]"
1,NA,NA,NA,"M",66,1,0,0,0,0,0,"uuid:0b9593c1-7828-40c5-99eb-4f5cf1eef50b","uuid:0b9593c1-7828-40c5-99eb-4f5cf1eef50b/survey_grp/SECTION_HOUSEHOLD_INFO/householdpopulation/hh_pop_repeat[1]"
2,NA,NA,NA,"F",59,0,2,0,0,0,0,"uuid:0b9593c1-7828-40c5-99eb-4f5cf1eef50b","uuid:0b9593c1-7828-40c5-99eb-4f5cf1eef50b/survey_grp/SECTION_HOUSEHOLD_INFO/householdpopulation/hh_pop_repeat[2]"
3,NA,NA,NA,"M",19,0,0,3,0,0,0,"uuid:0b9593c1-7828-40c5-99eb-4f5cf1eef50b","uuid:0b9593c1-7828-40c5-99eb-4f5cf1eef50b/survey_grp/SECTION_HOUSEHOLD_INFO/householdpopulation/hh_pop_repeat[3]"
1,NA,NA,NA,"M",33,1,0,0,0,0,0,"uuid:947465aa-f843-4c0c-bdc1-93a32e18025c","uuid:947465aa-f843-4c0c-bdc1-93a32e18025c/survey_grp/SECTION_HOUSEHOLD_INFO/householdpopulation/hh_pop_repeat[1]"
2,NA,NA,NA,"F",31,0,2,0,0,0,0,"uuid:947465aa-f843-4c0c-bdc1-93a32e18025c","uuid:947465aa-f843-4c0c-bdc1-93a32e18025c/survey_grp/SECTION_HOUSEHOLD_INFO/householdpopulation/hh_pop_repeat[2]"
3,NA,NA,NA,"M",13,0,0,0,0,5,0,"uuid:947465aa-f843-4c0c-bdc1-93a32e18025c","uuid:947465aa-f843-4c0c-bdc1-93a32e18025c/survey_grp/SECTION_HOUSEHOLD_INFO/householdpopulation/hh_pop_repeat[3]"
4,NA,NA,NA,"M",4,0,0,0,0,5,0,"uuid:947465aa-f843-4c0c-bdc1-93a32e18025c","uuid:947465aa-f843-4c0c-bdc1-93a32e18025c/survey_grp/SECTION_HOUSEHOLD_INFO/householdpopulation/hh_pop_repeat[4]"
5,NA,NA,NA,"F",11,0,0,0,0,0,6,"uuid:947465aa-f843-4c0c-bdc1-93a32e18025c","uuid:947465aa-f843-4c0c-bdc1-93a32e18025c/survey_grp/SECTION_HOUSEHOLD_INFO/householdpopulation/hh_pop_repeat[5]"
6,NA,NA,NA,"F",8,0,0,0,0,0,6,"uuid:947465aa-f843-4c0c-bdc1-93a32e18025c","uuid:947465aa-f843-4c0c-bdc1-93a32e18025c/survey_grp/SECTION_HOUSEHOLD_INFO/householdpopulation/hh_pop_repeat[6]"
7,NA,NA,NA,"M",21,0,0,3,0,0,0,"uuid:947465aa-f843-4c0c-bdc1-93a32e18025c","uuid:947465aa-f843-4c0c-bdc1-93a32e18025c/survey_grp/SECTION_HOUSEHOLD_INFO/householdpopulation/hh_pop_repeat[7]"
8,NA,NA,NA,"F",18,0,0,0,4,0,0,"uuid:947465aa-f843-4c0c-bdc1-93a32e18025c","uuid:947465aa-f843-4c0c-bdc1-93a32e18025c/survey_grp/SECTION_HOUSEHOLD_INFO/householdpopulation/hh_pop_repeat[8]"
9,NA,NA,NA,"F",61,0,2,0,0,0,0,"uuid:947465aa-f843-4c0c-bdc1-93a32e18025c","uuid:947465aa-f843-4c0c-bdc1-93a32e18025c/survey_grp/SECTION_HOUSEHOLD_INFO/householdpopulation/hh_pop_repeat[9]"
1,NA,NA,NA,"M",45,1,0,0,0,0,0,"uuid:edd065f2-1220-42d6-ba31-af206afd2298","uuid:edd065f2-1220-42d6-ba31-af206afd2298/survey_grp/SECTION_HOUSEHOLD_INFO/householdpopulation/hh_pop_repeat[1]"
2,NA,NA,NA,"F",46,0,2,0,0,0,0,"uuid:edd065f2-1220-42d6-ba31-af206afd2298","uuid:edd065f2-1220-42d6-ba31-af206afd2298/survey_grp/SECTION_HOUSEHOLD_INFO/householdpopulation/hh_pop_repeat[2]"
3,NA,NA,NA,"M",15,0,0,3,0,0,0,"uuid:edd065f2-1220-42d6-ba31-af206afd2298","uuid:edd065f2-1220-42d6-ba31-af206afd2298/survey_grp/SECTION_HOUSEHOLD_INFO/householdpopulation/hh_pop_repeat[3]"
4,NA,NA,NA,"F",13,0,0,0,0,0,6,"uuid:edd065f2-1220-42d6-ba31-af206afd2298","uuid:edd065f2-1220-42d6-ba31-af206afd2298/survey_grp/SECTION_HOUSEHOLD_INFO/householdpopulation/hh_pop_repeat[4]"
5,NA,NA,NA,"M",12,0,0,0,0,5,0,"uuid:edd065f2-1220-42d6-ba31-af206afd2298","uuid:edd065f2-1220-42d6-ba31-af206afd2298/survey_grp/SECTION_HOUSEHOLD_INFO/householdpopulation/hh_pop_repeat[5]"
1,NA,NA,NA,"F",50,0,2,0,0,0,0,"uuid:26d785d1-c021-46de-b929-ff009363e89c","uuid:26d785d1-c021-46de-b929-ff009363e89c/survey_grp/SECTION_HOUSEHOLD_INFO/householdpopulation/hh_pop_repeat[1]"
2,NA,NA,NA,"F",13,0,0,0,0,0,6,"uuid:26d785d1-c021-46de-b929-ff009363e89c","uuid:26d785d1-c021-46de-b929-ff009363e89c/survey_grp/SECTION_HOUSEHOLD_INFO/householdpopulation/hh_pop_repeat[2]"
3,NA,NA,NA,"M",9,0,0,0,0,5,0,"uuid:26d785d1-c021-46de-b929-ff009363e89c","uuid:26d785d1-c021-46de-b929-ff009363e89c/survey_grp/SECTION_HOUSEHOLD_INFO/householdpopulation/hh_pop_repeat[3]"
4,NA,NA,NA,"M",9,0,0,0,0,5,0,"uuid:26d785d1-c021-46de-b929-ff009363e89c","uuid:26d785d1-c021-46de-b929-ff009363e89c/survey_grp/SECTION_HOUSEHOLD_INFO/householdpopulation/hh_pop_repeat[4]"
5,NA,NA,NA,"M",3,0,0,0,0,5,0,"uuid:26d785d1-c021-46de-b929-ff009363e89c","uuid:26d785d1-c021-46de-b929-ff009363e89c/survey_grp/SECTION_HOUSEHOLD_INFO/householdpopulation/hh_pop_repeat[5]"
1,NA,NA,NA,"M",67,1,0,0,0,0,0,"uuid:55e82782-2e7f-4126-b7da-635e89113d04","uuid:55e82782-2e7f-4126-b7da-635e89113d04/survey_grp/SECTION_HOUSEHOLD_INFO/householdpopulation/hh_pop_repeat[1]"
2,NA,NA,NA,"F",65,0,2,0,0,0,0,"uuid:55e82782-2e7f-4126-b7da-635e89113d04","uuid:55e82782-2e7f-4126-b7da-635e89113d04/survey_grp/SECTION_HOUSEHOLD_INFO/householdpopulation/hh_pop_repeat[2]"
3,NA,NA,NA,"F",18,0,0,0,4,0,0,"uuid:55e82782-2e7f-4126-b7da-635e89113d04","uuid:55e82782-2e7f-4126-b7da-635e89113d04/survey_grp/SECTION_HOUSEHOLD_INFO/householdpopulation/hh_pop_repeat[3]"
1,NA,NA,NA,"F",45,0,2,0,0,0,0,"uuid:20b01618-af9e-4635-a98e-47cdaabce32d","uuid:20b01618-af9e-4635-a98e-47cdaabce32d/survey_grp/SECTION_HOUSEHOLD_INFO/householdpopulation/hh_pop_repeat[1]"
2,NA,NA,NA,"M",50,1,0,0,0,0,0,"uuid:20b01618-af9e-4635-a98e-47cdaabce32d","uuid:20b01618-af9e-4635-a98e-47cdaabce32d/survey_grp/SECTION_HOUSEHOLD_INFO/householdpopulation/hh_pop_repeat[2]"
3,NA,NA,NA,"F",20,0,0,0,4,0,0,"uuid:20b01618-af9e-4635-a98e-47cdaabce32d","uuid:20b01618-af9e-4635-a98e-47cdaabce32d/survey_grp/SECTION_HOUSEHOLD_INFO/householdpopulation/hh_pop_repeat[3]"
4,NA,NA,NA,"M",21,0,0,3,0,0,0,"uuid:20b01618-af9e-4635-a98e-47cdaabce32d","uuid:20b01618-af9e-4635-a98e-47cdaabce32d/survey_grp/SECTION_HOUSEHOLD_INFO/householdpopulation/hh_pop_repeat[4]"
5,NA,NA,NA,"F",16,0,0,0,4,0,0,"uuid:20b01618-af9e-4635-a98e-47cdaabce32d","uuid:20b01618-af9e-4635-a98e-47cdaabce32d/survey_grp/SECTION_HOUSEHOLD_INFO/householdpopulation/hh_pop_repeat[5]"
6,NA,NA,NA,"M",14,0,0,0,0,5,0,"uuid:20b01618-af9e-4635-a98e-47cdaabce32d","uuid:20b01618-af9e-4635-a98e-47cdaabce32d/survey_grp/SECTION_HOUSEHOLD_INFO/householdpopulation/hh_pop_repeat[6]"
1,NA,NA,NA,"M",51,1,0,0,0,0,0,"uuid:d78f221e-a959-4d90-beb9-fe567deff647","uuid:d78f221e-a959-4d90-beb9-fe567deff647/survey_grp/SECTION_HOUSEHOLD_INFO/householdpopulation/hh_pop_repeat[1]"
2,NA,NA,NA,"F",46,0,2,0,0,0,0,"uuid:d78f221e-a959-4d90-beb9-fe567deff647","uuid:d78f221e-a959-4d90-beb9-fe567deff647/survey_grp/SECTION_HOUSEHOLD_INFO/householdpopulation/hh_pop_repeat[2]"
3,NA,NA,NA,"F",18,0,0,0,4,0,0,"uuid:d78f221e-a959-4d90-beb9-fe567deff647","uuid:d78f221e-a959-4d90-beb9-fe567deff647/survey_grp/SECTION_HOUSEHOLD_INFO/householdpopulation/hh_pop_repeat[3]"
4,NA,NA,NA,"M",1,0,0,0,0,5,0,"uuid:d78f221e-a959-4d90-beb9-fe567deff647","uuid:d78f221e-a959-4d90-beb9-fe567deff647/survey_grp/SECTION_HOUSEHOLD_INFO/householdpopulation/hh_pop_repeat[4]"
5,NA,NA,NA,"F",13,0,0,0,0,0,6,"uuid:d78f221e-a959-4d90-beb9-fe567deff647","uuid:d78f221e-a959-4d90-beb9-fe567deff647/survey_grp/SECTION_HOUSEHOLD_INFO/householdpopulation/hh_pop_repeat[5]"
1,NA,NA,NA,"F",30,0,0,0,4,0,0,"uuid:6c14c6fd-1e92-4cf3-89ea-509f4e63224d","uuid:6c14c6fd-1e92-4cf3-89ea-509f4e63224d/survey_grp/SECTION_HOUSEHOLD_INFO/householdpopulation/hh_pop_repeat[1]"
2,NA,NA,NA,"M",34,1,0,0,0,0,0,"uuid:6c14c6fd-1e92-4cf3-89ea-509f4e63224d","uuid:6c14c6fd-1e92-4cf3-89ea-509f4e63224d/survey_grp/SECTION_HOUSEHOLD_INFO/householdpopulation/hh_pop_repeat[2]"
3,NA,NA,NA,"F",11,0,0,0,0,0,6,"uuid:6c14c6fd-1e92-4cf3-89ea-509f4e63224d","uuid:6c14c6fd-1e92-4cf3-89ea-509f4e63224d/survey_grp/SECTION_HOUSEHOLD_INFO/householdpopulation/hh_pop_repeat[3]"
4,NA,NA,NA,"M",4,0,0,0,0,5,0,"uuid:6c14c6fd-1e92-4cf3-89ea-509f4e63224d","uuid:6c14c6fd-1e92-4cf3-89ea-509f4e63224d/survey_grp/SECTION_HOUSEHOLD_INFO/householdpopulation/hh_pop_repeat[4]"
5,NA,NA,NA,"F",4,0,0,0,0,0,6,"uuid:6c14c6fd-1e92-4cf3-89ea-509f4e63224d","uuid:6c14c6fd-1e92-4cf3-89ea-509f4e63224d/survey_grp/SECTION_HOUSEHOLD_INFO/householdpopulation/hh_pop_repeat[5]"
1,NA,NA,NA,"M",23,0,0,3,0,0,0,"uuid:96d454f4-fdd2-435e-9d6e-e3e62f19bcaf","uuid:96d454f4-fdd2-435e-9d6e-e3e62f19bcaf/survey_grp/SECTION_HOUSEHOLD_INFO/householdpopulation/hh_pop_repeat[1]"
2,NA,NA,NA,"M",45,1,0,0,0,0,0,"uuid:96d454f4-fdd2-435e-9d6e-e3e62f19bcaf","uuid:96d454f4-fdd2-435e-9d6e-e3e62f19bcaf/survey_grp/SECTION_HOUSEHOLD_INFO/householdpopulation/hh_pop_repeat[2]"
3,NA,NA,NA,"F",42,0,2,0,0,0,0,"uuid:96d454f4-fdd2-435e-9d6e-e3e62f19bcaf","uuid:96d454f4-fdd2-435e-9d6e-e3e62f19bcaf/survey_grp/SECTION_HOUSEHOLD_INFO/householdpopulation/hh_pop_repeat[3]"
4,NA,NA,NA,"M",17,0,0,3,0,0,0,"uuid:96d454f4-fdd2-435e-9d6e-e3e62f19bcaf","uuid:96d454f4-fdd2-435e-9d6e-e3e62f19bcaf/survey_grp/SECTION_HOUSEHOLD_INFO/householdpopulation/hh_pop_repeat[4]"
5,NA,NA,NA,"F",7,0,0,0,0,0,6,"uuid:96d454f4-fdd2-435e-9d6e-e3e62f19bcaf","uuid:96d454f4-fdd2-435e-9d6e-e3e62f19bcaf/survey_grp/SECTION_HOUSEHOLD_INFO/householdpopulation/hh_pop_repeat[5]"
1,NA,NA,NA,"M",56,1,0,0,0,0,0,"uuid:9a68242b-8005-47f4-8f07-1723e4bf7061","uuid:9a68242b-8005-47f4-8f07-1723e4bf7061/survey_grp/SECTION_HOUSEHOLD_INFO/householdpopulation/hh_pop_repeat[1]"
2,NA,NA,NA,"F",50,0,2,0,0,0,0,"uuid:9a68242b-8005-47f4-8f07-1723e4bf7061","uuid:9a68242b-8005-47f4-8f07-1723e4bf7061/survey_grp/SECTION_HOUSEHOLD_INFO/householdpopulation/hh_pop_repeat[2]"
3,NA,NA,NA,"M",20,0,0,3,0,0,0,"uuid:9a68242b-8005-47f4-8f07-1723e4bf7061","uuid:9a68242b-8005-47f4-8f07-1723e4bf7061/survey_grp/SECTION_HOUSEHOLD_INFO/householdpopulation/hh_pop_repeat[3]"
4,NA,NA,NA,"M",8,0,0,0,0,5,0,"uuid:9a68242b-8005-47f4-8f07-1723e4bf7061","uuid:9a68242b-8005-47f4-8f07-1723e4bf7061/survey_grp/SECTION_HOUSEHOLD_INFO/householdpopulation/hh_pop_repeat[4]"
1,NA,NA,NA,"F",27,0,0,0,4,0,0,"uuid:b486397e-8bf1-487e-8e16-9fd915a3849e","uuid:b486397e-8bf1-487e-8e16-9fd915a3849e/survey_grp/SECTION_HOUSEHOLD_INFO/householdpopulation/hh_pop_repeat[1]"
2,NA,NA,NA,"M",24,0,0,3,0,0,0,"uuid:b486397e-8bf1-487e-8e16-9fd915a3849e","uuid:b486397e-8bf1-487e-8e16-9fd915a3849e/survey_grp/SECTION_HOUSEHOLD_INFO/householdpopulation/hh_pop_repeat[2]"
1,NA,NA,NA,"F",47,0,2,0,0,0,0,"uuid:a3c1a026-7285-4fa9-a352-0aba64ad1e26","uuid:a3c1a026-7285-4fa9-a352-0aba64ad1e26/survey_grp/SECTION_HOUSEHOLD_INFO/householdpopulation/hh_pop_repeat[1]"
2,NA,NA,NA,"M",20,0,0,3,0,0,0,"uuid:a3c1a026-7285-4fa9-a352-0aba64ad1e26","uuid:a3c1a026-7285-4fa9-a352-0aba64ad1e26/survey_grp/SECTION_HOUSEHOLD_INFO/householdpopulation/hh_pop_repeat[2]"
3,NA,NA,NA,"M",14,0,0,0,0,5,0,"uuid:a3c1a026-7285-4fa9-a352-0aba64ad1e26","uuid:a3c1a026-7285-4fa9-a352-0aba64ad1e26/survey_grp/SECTION_HOUSEHOLD_INFO/householdpopulation/hh_pop_repeat[3]"
4,NA,NA,NA,"F",26,0,0,0,4,0,0,"uuid:a3c1a026-7285-4fa9-a352-0aba64ad1e26","uuid:a3c1a026-7285-4fa9-a352-0aba64ad1e26/survey_grp/SECTION_HOUSEHOLD_INFO/householdpopulation/hh_pop_repeat[4]"
1,NA,NA,NA,"M",68,1,0,0,0,0,0,"uuid:7c103bd0-12f2-4ccb-9af6-0011caab39b1","uuid:7c103bd0-12f2-4ccb-9af6-0011caab39b1/survey_grp/SECTION_HOUSEHOLD_INFO/householdpopulation/hh_pop_repeat[1]"
2,NA,NA,NA,"F",61,0,2,0,0,0,0,"uuid:7c103bd0-12f2-4ccb-9af6-0011caab39b1","uuid:7c103bd0-12f2-4ccb-9af6-0011caab39b1/survey_grp/SECTION_HOUSEHOLD_INFO/householdpopulation/hh_pop_repeat[2]"
3,NA,NA,NA,"F",30,0,0,0,4,0,0,"uuid:7c103bd0-12f2-4ccb-9af6-0011caab39b1","uuid:7c103bd0-12f2-4ccb-9af6-0011caab39b1/survey_grp/SECTION_HOUSEHOLD_INFO/householdpopulation/hh_pop_repeat[3]"
4,NA,NA,NA,"F",38,0,2,0,0,0,0,"uuid:7c103bd0-12f2-4ccb-9af6-0011caab39b1","uuid:7c103bd0-12f2-4ccb-9af6-0011caab39b1/survey_grp/SECTION_HOUSEHOLD_INFO/householdpopulation/hh_pop_repeat[4]"
1,NA,NA,NA,"M",48,1,0,0,0,0,0,"uuid:78e811b3-0575-47c9-b8e8-8bfd28396425","uuid:78e811b3-0575-47c9-b8e8-8bfd28396425/survey_grp/SECTION_HOUSEHOLD_INFO/householdpopulation/hh_pop_repeat[1]"
2,NA,NA,NA,"F",45,0,2,0,0,0,0,"uuid:78e811b3-0575-47c9-b8e8-8bfd28396425","uuid:78e811b3-0575-47c9-b8e8-8bfd28396425/survey_grp/SECTION_HOUSEHOLD_INFO/householdpopulation/hh_pop_repeat[2]"
3,NA,NA,NA,"F",11,0,0,0,0,0,6,"uuid:78e811b3-0575-47c9-b8e8-8bfd28396425","uuid:78e811b3-0575-47c9-b8e8-8bfd28396425/survey_grp/SECTION_HOUSEHOLD_INFO/householdpopulation/hh_pop_repeat[3]"
4,NA,NA,NA,"M",16,0,0,3,0,0,0,"uuid:78e811b3-0575-47c9-b8e8-8bfd28396425","uuid:78e811b3-0575-47c9-b8e8-8bfd28396425/survey_grp/SECTION_HOUSEHOLD_INFO/householdpopulation/hh_pop_repeat[4]"
1,NA,NA,NA,"M",60,1,0,0,0,0,0,"uuid:f148576b-8a67-4ec7-ac4b-2a0d444adf90","uuid:f148576b-8a67-4ec7-ac4b-2a0d444adf90/survey_grp/SECTION_HOUSEHOLD_INFO/householdpopulation/hh_pop_repeat[1]"
2,NA,NA,NA,"F",50,0,2,0,0,0,0,"uuid:f148576b-8a67-4ec7-ac4b-2a0d444adf90","uuid:f148576b-8a67-4ec7-ac4b-2a0d444adf90/survey_grp/SECTION_HOUSEHOLD_INFO/householdpopulation/hh_pop_repeat[2]"
3,NA,NA,NA,"M",55,1,0,0,0,0,0,"uuid:f148576b-8a67-4ec7-ac4b-2a0d444adf90","uuid:f148576b-8a67-4ec7-ac4b-2a0d444adf90/survey_grp/SECTION_HOUSEHOLD_INFO/householdpopulation/hh_pop_repeat[3]"
4,NA,NA,NA,"F",9,0,0,0,0,0,6,"uuid:f148576b-8a67-4ec7-ac4b-2a0d444adf90","uuid:f148576b-8a67-4ec7-ac4b-2a0d444adf90/survey_grp/SECTION_HOUSEHOLD_INFO/householdpopulation/hh_pop_repeat[4]"
5,NA,NA,NA,"F",17,0,0,0,4,0,0,"uuid:f148576b-8a67-4ec7-ac4b-2a0d444adf90","uuid:f148576b-8a67-4ec7-ac4b-2a0d444adf90/survey_grp/SECTION_HOUSEHOLD_INFO/householdpopulation/hh_pop_repeat[5]"
1,NA,NA,NA,"M",63,1,0,0,0,0,0,"uuid:5d46125a-5f64-49e1-a92e-24df950be06e","uuid:5d46125a-5f64-49e1-a92e-24df950be06e/survey_grp/SECTION_HOUSEHOLD_INFO/householdpopulation/hh_pop_repeat[1]"
2,NA,NA,NA,"F",54,0,2,0,0,0,0,"uuid:5d46125a-5f64-49e1-a92e-24df950be06e","uuid:5d46125a-5f64-49e1-a92e-24df950be06e/survey_grp/SECTION_HOUSEHOLD_INFO/householdpopulation/hh_pop_repeat[2]"
3,NA,NA,NA,"F",30,0,0,0,4,0,0,"uuid:5d46125a-5f64-49e1-a92e-24df950be06e","uuid:5d46125a-5f64-49e1-a92e-24df950be06e/survey_grp/SECTION_HOUSEHOLD_INFO/householdpopulation/hh_pop_repeat[3]"
4,NA,NA,NA,"M",24,0,0,3,0,0,0,"uuid:5d46125a-5f64-49e1-a92e-24df950be06e","uuid:5d46125a-5f64-49e1-a92e-24df950be06e/survey_grp/SECTION_HOUSEHOLD_INFO/householdpopulation/hh_pop_repeat[4]"
5,NA,NA,NA,"F",16,0,0,0,4,0,0,"uuid:5d46125a-5f64-49e1-a92e-24df950be06e","uuid:5d46125a-5f64-49e1-a92e-24df950be06e/survey_grp/SECTION_HOUSEHOLD_INFO/householdpopulation/hh_pop_repeat[5]"
1,NA,NA,NA,"F",67,0,2,0,0,0,0,"uuid:ec93a5c7-db3a-4a18-b9cd-049b7277327f","uuid:ec93a5c7-db3a-4a18-b9cd-049b7277327f/survey_grp/SECTION_HOUSEHOLD_INFO/householdpopulation/hh_pop_repeat[1]"
2,NA,NA,NA,"M",68,1,0,0,0,0,0,"uuid:ec93a5c7-db3a-4a18-b9cd-049b7277327f","uuid:ec93a5c7-db3a-4a18-b9cd-049b7277327f/survey_grp/SECTION_HOUSEHOLD_INFO/householdpopulation/hh_pop_repeat[2]"
3,NA,NA,NA,"F",11,0,0,0,0,0,6,"uuid:ec93a5c7-db3a-4a18-b9cd-049b7277327f","uuid:ec93a5c7-db3a-4a18-b9cd-049b7277327f/survey_grp/SECTION_HOUSEHOLD_INFO/householdpopulation/hh_pop_repeat[3]"
4,NA,NA,NA,"M",7,0,0,0,0,5,0,"uuid:ec93a5c7-db3a-4a18-b9cd-049b7277327f","uuid:ec93a5c7-db3a-4a18-b9cd-049b7277327f/survey_grp/SECTION_HOUSEHOLD_INFO/householdpopulation/hh_pop_repeat[4]"
5,NA,NA,NA,"F",9,0,0,0,0,0,6,"uuid:ec93a5c7-db3a-4a18-b9cd-049b7277327f","uuid:ec93a5c7-db3a-4a18-b9cd-049b7277327f/survey_grp/SECTION_HOUSEHOLD_INFO/householdpopulation/hh_pop_repeat[5]"
1,NA,NA,NA,"M",64,1,0,0,0,0,0,"uuid:9e30011a-7d1d-46a6-88f5-909278478258","uuid:9e30011a-7d1d-46a6-88f5-909278478258/survey_grp/SECTION_HOUSEHOLD_INFO/householdpopulation/hh_pop_repeat[1]"
2,NA,NA,NA,"F",67,0,2,0,0,0,0,"uuid:9e30011a-7d1d-46a6-88f5-909278478258","uuid:9e30011a-7d1d-46a6-88f5-909278478258/survey_grp/SECTION_HOUSEHOLD_INFO/householdpopulation/hh_pop_repeat[2]"
3,NA,NA,NA,"F",44,0,2,0,0,0,0,"uuid:9e30011a-7d1d-46a6-88f5-909278478258","uuid:9e30011a-7d1d-46a6-88f5-909278478258/survey_grp/SECTION_HOUSEHOLD_INFO/householdpopulation/hh_pop_repeat[3]"
4,NA,NA,NA,"M",27,0,0,3,0,0,0,"uuid:9e30011a-7d1d-46a6-88f5-909278478258","uuid:9e30011a-7d1d-46a6-88f5-909278478258/survey_grp/SECTION_HOUSEHOLD_INFO/householdpopulation/hh_pop_repeat[4]"
5,NA,NA,NA,"F",21,0,0,0,4,0,0,"uuid:9e30011a-7d1d-46a6-88f5-909278478258","uuid:9e30011a-7d1d-46a6-88f5-909278478258/survey_grp/SECTION_HOUSEHOLD_INFO/householdpopulation/hh_pop_repeat[5]"
6,NA,NA,NA,"M",12,0,0,0,0,5,0,"uuid:9e30011a-7d1d-46a6-88f5-909278478258","uuid:9e30011a-7d1d-46a6-88f5-909278478258/survey_grp/SECTION_HOUSEHOLD_INFO/householdpopulation/hh_pop_repeat[6]"
7,NA,NA,NA,"M",9,0,0,0,0,5,0,"uuid:9e30011a-7d1d-46a6-88f5-909278478258","uuid:9e30011a-7d1d-46a6-88f5-909278478258/survey_grp/SECTION_HOUSEHOLD_INFO/householdpopulation/hh_pop_repeat[7]"
1,NA,NA,NA,"M",48,1,0,0,0,0,0,"uuid:79004fb2-cd08-426b-8058-45da64e94c4c","uuid:79004fb2-cd08-426b-8058-45da64e94c4c/survey_grp/SECTION_HOUSEHOLD_INFO/householdpopulation/hh_pop_repeat[1]"
2,NA,NA,NA,"F",41,0,2,0,0,0,0,"uuid:79004fb2-cd08-426b-8058-45da64e94c4c","uuid:79004fb2-cd08-426b-8058-45da64e94c4c/survey_grp/SECTION_HOUSEHOLD_INFO/householdpopulation/hh_pop_repeat[2]"
3,NA,NA,NA,"M",13,0,0,0,0,5,0,"uuid:79004fb2-cd08-426b-8058-45da64e94c4c","uuid:79004fb2-cd08-426b-8058-45da64e94c4c/survey_grp/SECTION_HOUSEHOLD_INFO/householdpopulation/hh_pop_repeat[3]"
4,NA,NA,NA,"M",6,0,0,0,0,5,0,"uuid:79004fb2-cd08-426b-8058-45da64e94c4c","uuid:79004fb2-cd08-426b-8058-45da64e94c4c/survey_grp/SECTION_HOUSEHOLD_INFO/householdpopulation/hh_pop_repeat[4]"
1,NA,NA,NA,"M",57,1,0,0,0,0,0,"uuid:3526e0ee-543a-45ce-be07-f780b960340d","uuid:3526e0ee-543a-45ce-be07-f780b960340d/survey_grp/SECTION_HOUSEHOLD_INFO/householdpopulation/hh_pop_repeat[1]"
2,NA,NA,NA,"F",51,0,2,0,0,0,0,"uuid:3526e0ee-543a-45ce-be07-f780b960340d","uuid:3526e0ee-543a-45ce-be07-f780b960340d/survey_grp/SECTION_HOUSEHOLD_INFO/householdpopulation/hh_pop_repeat[2]"
3,NA,NA,NA,"M",12,0,0,0,0,5,0,"uuid:3526e0ee-543a-45ce-be07-f780b960340d","uuid:3526e0ee-543a-45ce-be07-f780b960340d/survey_grp/SECTION_HOUSEHOLD_INFO/householdpopulation/hh_pop_repeat[3]"
1,NA,NA,NA,"F",82,0,2,0,0,0,0,"uuid:5147afef-bcdb-4b2b-b7f8-ca608a0ce5e9","uuid:5147afef-bcdb-4b2b-b7f8-ca608a0ce5e9/survey_grp/SECTION_HOUSEHOLD_INFO/householdpopulation/hh_pop_repeat[1]"
2,NA,NA,NA,"F",40,0,2,0,0,0,0,"uuid:5147afef-bcdb-4b2b-b7f8-ca608a0ce5e9","uuid:5147afef-bcdb-4b2b-b7f8-ca608a0ce5e9/survey_grp/SECTION_HOUSEHOLD_INFO/householdpopulation/hh_pop_repeat[2]"
3,NA,NA,NA,"M",43,1,0,0,0,0,0,"uuid:5147afef-bcdb-4b2b-b7f8-ca608a0ce5e9","uuid:5147afef-bcdb-4b2b-b7f8-ca608a0ce5e9/survey_grp/SECTION_HOUSEHOLD_INFO/householdpopulation/hh_pop_repeat[3]"
4,NA,NA,NA,"F",17,0,0,0,4,0,0,"uuid:5147afef-bcdb-4b2b-b7f8-ca608a0ce5e9","uuid:5147afef-bcdb-4b2b-b7f8-ca608a0ce5e9/survey_grp/SECTION_HOUSEHOLD_INFO/householdpopulation/hh_pop_repeat[4]"
5,NA,NA,NA,"F",14,0,0,0,0,0,6,"uuid:5147afef-bcdb-4b2b-b7f8-ca608a0ce5e9","uuid:5147afef-bcdb-4b2b-b7f8-ca608a0ce5e9/survey_grp/SECTION_HOUSEHOLD_INFO/householdpopulation/hh_pop_repeat[5]"
6,NA,NA,NA,"F",9,0,0,0,0,0,6,"uuid:5147afef-bcdb-4b2b-b7f8-ca608a0ce5e9","uuid:5147afef-bcdb-4b2b-b7f8-ca608a0ce5e9/survey_grp/SECTION_HOUSEHOLD_INFO/householdpopulation/hh_pop_repeat[6]"
7,NA,NA,NA,"M",4,0,0,0,0,5,0,"uuid:5147afef-bcdb-4b2b-b7f8-ca608a0ce5e9","uuid:5147afef-bcdb-4b2b-b7f8-ca608a0ce5e9/survey_grp/SECTION_HOUSEHOLD_INFO/householdpopulation/hh_pop_repeat[7]"
1,NA,NA,NA,"M",42,1,0,0,0,0,0,"uuid:9bde1a8f-9526-488d-9792-a568c10ec489","uuid:9bde1a8f-9526-488d-9792-a568c10ec489/survey_grp/SECTION_HOUSEHOLD_INFO/householdpopulation/hh_pop_repeat[1]"
2,NA,NA,NA,"F",40,0,2,0,0,0,0,"uuid:9bde1a8f-9526-488d-9792-a568c10ec489","uuid:9bde1a8f-9526-488d-9792-a568c10ec489/survey_grp/SECTION_HOUSEHOLD_INFO/householdpopulation/hh_pop_repeat[2]"
3,NA,NA,NA,"F",17,0,0,0,4,0,0,"uuid:9bde1a8f-9526-488d-9792-a568c10ec489","uuid:9bde1a8f-9526-488d-9792-a568c10ec489/survey_grp/SECTION_HOUSEHOLD_INFO/householdpopulation/hh_pop_repeat[3]"
4,NA,NA,NA,"F",14,0,0,0,0,0,6,"uuid:9bde1a8f-9526-488d-9792-a568c10ec489","uuid:9bde1a8f-9526-488d-9792-a568c10ec489/survey_grp/SECTION_HOUSEHOLD_INFO/householdpopulation/hh_pop_repeat[4]"
5,NA,NA,NA,"F",9,0,0,0,0,0,6,"uuid:9bde1a8f-9526-488d-9792-a568c10ec489","uuid:9bde1a8f-9526-488d-9792-a568c10ec489/survey_grp/SECTION_HOUSEHOLD_INFO/householdpopulation/hh_pop_repeat[5]"
6,NA,NA,NA,"M",4,0,0,0,0,5,0,"uuid:9bde1a8f-9526-488d-9792-a568c10ec489","uuid:9bde1a8f-9526-488d-9792-a568c10ec489/survey_grp/SECTION_HOUSEHOLD_INFO/householdpopulation/hh_pop_repeat[6]"
7,NA,NA,NA,"F",83,0,2,0,0,0,0,"uuid:9bde1a8f-9526-488d-9792-a568c10ec489","uuid:9bde1a8f-9526-488d-9792-a568c10ec489/survey_grp/SECTION_HOUSEHOLD_INFO/householdpopulation/hh_pop_repeat[7]"
1,NA,NA,NA,"F",33,0,2,0,0,0,0,"uuid:495a2d78-cfa6-49d6-90d2-17033382c77f","uuid:495a2d78-cfa6-49d6-90d2-17033382c77f/survey_grp/SECTION_HOUSEHOLD_INFO/householdpopulation/hh_pop_repeat[1]"
2,NA,NA,NA,"M",41,1,0,0,0,0,0,"uuid:495a2d78-cfa6-49d6-90d2-17033382c77f","uuid:495a2d78-cfa6-49d6-90d2-17033382c77f/survey_grp/SECTION_HOUSEHOLD_INFO/householdpopulation/hh_pop_repeat[2]"
3,NA,NA,NA,"F",16,0,0,0,4,0,0,"uuid:495a2d78-cfa6-49d6-90d2-17033382c77f","uuid:495a2d78-cfa6-49d6-90d2-17033382c77f/survey_grp/SECTION_HOUSEHOLD_INFO/householdpopulation/hh_pop_repeat[3]"
4,NA,NA,NA,"F",14,0,0,0,0,0,6,"uuid:495a2d78-cfa6-49d6-90d2-17033382c77f","uuid:495a2d78-cfa6-49d6-90d2-17033382c77f/survey_grp/SECTION_HOUSEHOLD_INFO/householdpopulation/hh_pop_repeat[4]"
5,NA,NA,NA,"F",9,0,0,0,0,0,6,"uuid:495a2d78-cfa6-49d6-90d2-17033382c77f","uuid:495a2d78-cfa6-49d6-90d2-17033382c77f/survey_grp/SECTION_HOUSEHOLD_INFO/householdpopulation/hh_pop_repeat[5]"
6,NA,NA,NA,"F",6,0,0,0,0,0,6,"uuid:495a2d78-cfa6-49d6-90d2-17033382c77f","uuid:495a2d78-cfa6-49d6-90d2-17033382c77f/survey_grp/SECTION_HOUSEHOLD_INFO/householdpopulation/hh_pop_repeat[6]"
1,NA,NA,NA,"M",80,1,0,0,0,0,0,"uuid:620ac49b-0cd1-4476-9e96-dd659a6788c6","uuid:620ac49b-0cd1-4476-9e96-dd659a6788c6/survey_grp/SECTION_HOUSEHOLD_INFO/householdpopulation/hh_pop_repeat[1]"
2,NA,NA,NA,"F",67,0,2,0,0,0,0,"uuid:620ac49b-0cd1-4476-9e96-dd659a6788c6","uuid:620ac49b-0cd1-4476-9e96-dd659a6788c6/survey_grp/SECTION_HOUSEHOLD_INFO/householdpopulation/hh_pop_repeat[2]"
1,NA,NA,NA,"M",66,1,0,0,0,0,0,"uuid:9c18cc50-a151-40b3-aef0-3af0213df84a","uuid:9c18cc50-a151-40b3-aef0-3af0213df84a/survey_grp/SECTION_HOUSEHOLD_INFO/householdpopulation/hh_pop_repeat[1]"
2,NA,NA,NA,"F",61,0,2,0,0,0,0,"uuid:9c18cc50-a151-40b3-aef0-3af0213df84a","uuid:9c18cc50-a151-40b3-aef0-3af0213df84a/survey_grp/SECTION_HOUSEHOLD_INFO/householdpopulation/hh_pop_repeat[2]"
3,NA,NA,NA,"F",29,0,0,0,4,0,0,"uuid:9c18cc50-a151-40b3-aef0-3af0213df84a","uuid:9c18cc50-a151-40b3-aef0-3af0213df84a/survey_grp/SECTION_HOUSEHOLD_INFO/householdpopulation/hh_pop_repeat[3]"
4,NA,NA,NA,"M",11,0,0,0,0,5,0,"uuid:9c18cc50-a151-40b3-aef0-3af0213df84a","uuid:9c18cc50-a151-40b3-aef0-3af0213df84a/survey_grp/SECTION_HOUSEHOLD_INFO/householdpopulation/hh_pop_repeat[4]"
5,NA,NA,NA,"F",8,0,0,0,0,0,6,"uuid:9c18cc50-a151-40b3-aef0-3af0213df84a","uuid:9c18cc50-a151-40b3-aef0-3af0213df84a/survey_grp/SECTION_HOUSEHOLD_INFO/householdpopulation/hh_pop_repeat[5]"
6,NA,NA,NA,"M",2,0,0,0,0,5,0,"uuid:9c18cc50-a151-40b3-aef0-3af0213df84a","uuid:9c18cc50-a151-40b3-aef0-3af0213df84a/survey_grp/SECTION_HOUSEHOLD_INFO/householdpopulation/hh_pop_repeat[6]"
1,NA,NA,NA,"M",25,0,0,3,0,0,0,"uuid:e9e6af34-4f6f-4d20-8afa-ad51030aea5d","uuid:e9e6af34-4f6f-4d20-8afa-ad51030aea5d/survey_grp/SECTION_HOUSEHOLD_INFO/householdpopulation/hh_pop_repeat[1]"
2,NA,NA,NA,"F",21,0,0,0,4,0,0,"uuid:e9e6af34-4f6f-4d20-8afa-ad51030aea5d","uuid:e9e6af34-4f6f-4d20-8afa-ad51030aea5d/survey_grp/SECTION_HOUSEHOLD_INFO/householdpopulation/hh_pop_repeat[2]"
3,NA,NA,NA,"F",3,0,0,0,0,0,6,"uuid:e9e6af34-4f6f-4d20-8afa-ad51030aea5d","uuid:e9e6af34-4f6f-4d20-8afa-ad51030aea5d/survey_grp/SECTION_HOUSEHOLD_INFO/householdpopulation/hh_pop_repeat[3]"
4,NA,NA,NA,"F",12,0,0,0,0,0,6,"uuid:e9e6af34-4f6f-4d20-8afa-ad51030aea5d","uuid:e9e6af34-4f6f-4d20-8afa-ad51030aea5d/survey_grp/SECTION_HOUSEHOLD_INFO/householdpopulation/hh_pop_repeat[4]"
5,NA,NA,NA,"M",16,0,0,3,0,0,0,"uuid:e9e6af34-4f6f-4d20-8afa-ad51030aea5d","uuid:e9e6af34-4f6f-4d20-8afa-ad51030aea5d/survey_grp/SECTION_HOUSEHOLD_INFO/householdpopulation/hh_pop_repeat[5]"
6,NA,NA,NA,"F",41,0,2,0,0,0,0,"uuid:e9e6af34-4f6f-4d20-8afa-ad51030aea5d","uuid:e9e6af34-4f6f-4d20-8afa-ad51030aea5d/survey_grp/SECTION_HOUSEHOLD_INFO/householdpopulation/hh_pop_repeat[6]"
1,NA,NA,NA,"M",58,1,0,0,0,0,0,"uuid:0fad669d-bc41-4401-8179-e270a827f18e","uuid:0fad669d-bc41-4401-8179-e270a827f18e/survey_grp/SECTION_HOUSEHOLD_INFO/householdpopulation/hh_pop_repeat[1]"
2,NA,NA,NA,"F",54,0,2,0,0,0,0,"uuid:0fad669d-bc41-4401-8179-e270a827f18e","uuid:0fad669d-bc41-4401-8179-e270a827f18e/survey_grp/SECTION_HOUSEHOLD_INFO/householdpopulation/hh_pop_repeat[2]"
3,NA,NA,NA,"F",18,0,0,0,4,0,0,"uuid:0fad669d-bc41-4401-8179-e270a827f18e","uuid:0fad669d-bc41-4401-8179-e270a827f18e/survey_grp/SECTION_HOUSEHOLD_INFO/householdpopulation/hh_pop_repeat[3]"
4,NA,NA,NA,"M",5,0,0,0,0,5,0,"uuid:0fad669d-bc41-4401-8179-e270a827f18e","uuid:0fad669d-bc41-4401-8179-e270a827f18e/survey_grp/SECTION_HOUSEHOLD_INFO/householdpopulation/hh_pop_repeat[4]"
1,NA,NA,NA,"M",43,1,0,0,0,0,0,"uuid:75829d2c-4621-4809-b21e-8d4a9676243a","uuid:75829d2c-4621-4809-b21e-8d4a9676243a/survey_grp/SECTION_HOUSEHOLD_INFO/householdpopulation/hh_pop_repeat[1]"
2,NA,NA,NA,"F",42,0,2,0,0,0,0,"uuid:75829d2c-4621-4809-b21e-8d4a9676243a","uuid:75829d2c-4621-4809-b21e-8d4a9676243a/survey_grp/SECTION_HOUSEHOLD_INFO/householdpopulation/hh_pop_repeat[2]"
3,NA,NA,NA,"M",19,0,0,3,0,0,0,"uuid:75829d2c-4621-4809-b21e-8d4a9676243a","uuid:75829d2c-4621-4809-b21e-8d4a9676243a/survey_grp/SECTION_HOUSEHOLD_INFO/householdpopulation/hh_pop_repeat[3]"
4,NA,NA,NA,"F",18,0,0,0,4,0,0,"uuid:75829d2c-4621-4809-b21e-8d4a9676243a","uuid:75829d2c-4621-4809-b21e-8d4a9676243a/survey_grp/SECTION_HOUSEHOLD_INFO/householdpopulation/hh_pop_repeat[4]"
5,NA,NA,NA,"M",14,0,0,0,0,5,0,"uuid:75829d2c-4621-4809-b21e-8d4a9676243a","uuid:75829d2c-4621-4809-b21e-8d4a9676243a/survey_grp/SECTION_HOUSEHOLD_INFO/householdpopulation/hh_pop_repeat[5]"
6,NA,NA,NA,"F",12,0,0,0,0,0,6,"uuid:75829d2c-4621-4809-b21e-8d4a9676243a","uuid:75829d2c-4621-4809-b21e-8d4a9676243a/survey_grp/SECTION_HOUSEHOLD_INFO/householdpopulation/hh_pop_repeat[6]"
7,NA,NA,NA,"F",8,0,0,0,0,0,6,"uuid:75829d2c-4621-4809-b21e-8d4a9676243a","uuid:75829d2c-4621-4809-b21e-8d4a9676243a/survey_grp/SECTION_HOUSEHOLD_INFO/householdpopulation/hh_pop_repeat[7]"
1,NA,NA,NA,"M",26,0,0,3,0,0,0,"uuid:91b9f616-0025-417b-a84d-7a6db3c3f958","uuid:91b9f616-0025-417b-a84d-7a6db3c3f958/survey_grp/SECTION_HOUSEHOLD_INFO/householdpopulation/hh_pop_repeat[1]"
2,NA,NA,NA,"F",24,0,0,0,4,0,0,"uuid:91b9f616-0025-417b-a84d-7a6db3c3f958","uuid:91b9f616-0025-417b-a84d-7a6db3c3f958/survey_grp/SECTION_HOUSEHOLD_INFO/householdpopulation/hh_pop_repeat[2]"
3,NA,NA,NA,"M",6,0,0,0,0,5,0,"uuid:91b9f616-0025-417b-a84d-7a6db3c3f958","uuid:91b9f616-0025-417b-a84d-7a6db3c3f958/survey_grp/SECTION_HOUSEHOLD_INFO/householdpopulation/hh_pop_repeat[3]"
4,NA,NA,NA,"F",2,0,0,0,0,0,6,"uuid:91b9f616-0025-417b-a84d-7a6db3c3f958","uuid:91b9f616-0025-417b-a84d-7a6db3c3f958/survey_grp/SECTION_HOUSEHOLD_INFO/householdpopulation/hh_pop_repeat[4]"
1,NA,NA,NA,"M",41,1,0,0,0,0,0,"uuid:249d8c56-081c-402b-a1cc-76493604aca9","uuid:249d8c56-081c-402b-a1cc-76493604aca9/survey_grp/SECTION_HOUSEHOLD_INFO/householdpopulation/hh_pop_repeat[1]"
2,NA,NA,NA,"F",39,0,2,0,0,0,0,"uuid:249d8c56-081c-402b-a1cc-76493604aca9","uuid:249d8c56-081c-402b-a1cc-76493604aca9/survey_grp/SECTION_HOUSEHOLD_INFO/householdpopulation/hh_pop_repeat[2]"
3,NA,NA,NA,"M",19,0,0,3,0,0,0,"uuid:249d8c56-081c-402b-a1cc-76493604aca9","uuid:249d8c56-081c-402b-a1cc-76493604aca9/survey_grp/SECTION_HOUSEHOLD_INFO/householdpopulation/hh_pop_repeat[3]"
4,NA,NA,NA,"F",18,0,0,0,4,0,0,"uuid:249d8c56-081c-402b-a1cc-76493604aca9","uuid:249d8c56-081c-402b-a1cc-76493604aca9/survey_grp/SECTION_HOUSEHOLD_INFO/householdpopulation/hh_pop_repeat[4]"
5,NA,NA,NA,"M",16,0,0,3,0,0,0,"uuid:249d8c56-081c-402b-a1cc-76493604aca9","uuid:249d8c56-081c-402b-a1cc-76493604aca9/survey_grp/SECTION_HOUSEHOLD_INFO/householdpopulation/hh_pop_repeat[5]"
6,NA,NA,NA,"M",13,0,0,0,0,5,0,"uuid:249d8c56-081c-402b-a1cc-76493604aca9","uuid:249d8c56-081c-402b-a1cc-76493604aca9/survey_grp/SECTION_HOUSEHOLD_INFO/householdpopulation/hh_pop_repeat[6]"
7,NA,NA,NA,"M",11,0,0,0,0,5,0,"uuid:249d8c56-081c-402b-a1cc-76493604aca9","uuid:249d8c56-081c-402b-a1cc-76493604aca9/survey_grp/SECTION_HOUSEHOLD_INFO/householdpopulation/hh_pop_repeat[7]"
8,NA,NA,NA,"F",9,0,0,0,0,0,6,"uuid:249d8c56-081c-402b-a1cc-76493604aca9","uuid:249d8c56-081c-402b-a1cc-76493604aca9/survey_grp/SECTION_HOUSEHOLD_INFO/householdpopulation/hh_pop_repeat[8]"
1,NA,NA,NA,"M",58,1,0,0,0,0,0,"uuid:984d0660-3ad6-497d-8506-da7a2ee2bf3b","uuid:984d0660-3ad6-497d-8506-da7a2ee2bf3b/survey_grp/SECTION_HOUSEHOLD_INFO/householdpopulation/hh_pop_repeat[1]"
2,NA,NA,NA,"F",58,0,2,0,0,0,0,"uuid:984d0660-3ad6-497d-8506-da7a2ee2bf3b","uuid:984d0660-3ad6-497d-8506-da7a2ee2bf3b/survey_grp/SECTION_HOUSEHOLD_INFO/householdpopulation/hh_pop_repeat[2]"
3,NA,NA,NA,"F",23,0,0,0,4,0,0,"uuid:984d0660-3ad6-497d-8506-da7a2ee2bf3b","uuid:984d0660-3ad6-497d-8506-da7a2ee2bf3b/survey_grp/SECTION_HOUSEHOLD_INFO/householdpopulation/hh_pop_repeat[3]"
4,NA,NA,NA,"M",11,0,0,0,0,5,0,"uuid:984d0660-3ad6-497d-8506-da7a2ee2bf3b","uuid:984d0660-3ad6-497d-8506-da7a2ee2bf3b/survey_grp/SECTION_HOUSEHOLD_INFO/householdpopulation/hh_pop_repeat[4]"
1,NA,NA,NA,"M",40,1,0,0,0,0,0,"uuid:69998139-106c-43fc-b5b2-85149e993693","uuid:69998139-106c-43fc-b5b2-85149e993693/survey_grp/SECTION_HOUSEHOLD_INFO/householdpopulation/hh_pop_repeat[1]"
2,NA,NA,NA,"F",39,0,2,0,0,0,0,"uuid:69998139-106c-43fc-b5b2-85149e993693","uuid:69998139-106c-43fc-b5b2-85149e993693/survey_grp/SECTION_HOUSEHOLD_INFO/householdpopulation/hh_pop_repeat[2]"
3,NA,NA,NA,"F",73,0,2,0,0,0,0,"uuid:69998139-106c-43fc-b5b2-85149e993693","uuid:69998139-106c-43fc-b5b2-85149e993693/survey_grp/SECTION_HOUSEHOLD_INFO/householdpopulation/hh_pop_repeat[3]"
4,NA,NA,NA,"F",12,0,0,0,0,0,6,"uuid:69998139-106c-43fc-b5b2-85149e993693","uuid:69998139-106c-43fc-b5b2-85149e993693/survey_grp/SECTION_HOUSEHOLD_INFO/householdpopulation/hh_pop_repeat[4]"
1,NA,NA,NA,"F",32,0,2,0,0,0,0,"uuid:e927f8a6-3695-4ea0-af0c-5366395367e6","uuid:e927f8a6-3695-4ea0-af0c-5366395367e6/survey_grp/SECTION_HOUSEHOLD_INFO/householdpopulation/hh_pop_repeat[1]"
2,NA,NA,NA,"F",10,0,0,0,0,0,6,"uuid:e927f8a6-3695-4ea0-af0c-5366395367e6","uuid:e927f8a6-3695-4ea0-af0c-5366395367e6/survey_grp/SECTION_HOUSEHOLD_INFO/householdpopulation/hh_pop_repeat[2]"
3,NA,NA,NA,"M",6,0,0,0,0,5,0,"uuid:e927f8a6-3695-4ea0-af0c-5366395367e6","uuid:e927f8a6-3695-4ea0-af0c-5366395367e6/survey_grp/SECTION_HOUSEHOLD_INFO/householdpopulation/hh_pop_repeat[3]"
4,NA,NA,NA,"F",5,0,0,0,0,0,6,"uuid:e927f8a6-3695-4ea0-af0c-5366395367e6","uuid:e927f8a6-3695-4ea0-af0c-5366395367e6/survey_grp/SECTION_HOUSEHOLD_INFO/householdpopulation/hh_pop_repeat[4]"
1,NA,NA,NA,"F",49,0,2,0,0,0,0,"uuid:d5335de8-8de6-4817-b2c3-2820d2aa3b8b","uuid:d5335de8-8de6-4817-b2c3-2820d2aa3b8b/survey_grp/SECTION_HOUSEHOLD_INFO/householdpopulation/hh_pop_repeat[1]"
2,NA,NA,NA,"M",52,1,0,0,0,0,0,"uuid:d5335de8-8de6-4817-b2c3-2820d2aa3b8b","uuid:d5335de8-8de6-4817-b2c3-2820d2aa3b8b/survey_grp/SECTION_HOUSEHOLD_INFO/householdpopulation/hh_pop_repeat[2]"
3,NA,NA,NA,"M",23,0,0,3,0,0,0,"uuid:d5335de8-8de6-4817-b2c3-2820d2aa3b8b","uuid:d5335de8-8de6-4817-b2c3-2820d2aa3b8b/survey_grp/SECTION_HOUSEHOLD_INFO/householdpopulation/hh_pop_repeat[3]"
1,NA,NA,NA,"M",42,1,0,0,0,0,0,"uuid:74a846c8-da37-4501-8dfa-b432c87efe90","uuid:74a846c8-da37-4501-8dfa-b432c87efe90/survey_grp/SECTION_HOUSEHOLD_INFO/householdpopulation/hh_pop_repeat[1]"
2,NA,NA,NA,"F",35,0,2,0,0,0,0,"uuid:74a846c8-da37-4501-8dfa-b432c87efe90","uuid:74a846c8-da37-4501-8dfa-b432c87efe90/survey_grp/SECTION_HOUSEHOLD_INFO/householdpopulation/hh_pop_repeat[2]"
3,NA,NA,NA,"F",7,0,0,0,0,0,6,"uuid:74a846c8-da37-4501-8dfa-b432c87efe90","uuid:74a846c8-da37-4501-8dfa-b432c87efe90/survey_grp/SECTION_HOUSEHOLD_INFO/householdpopulation/hh_pop_repeat[3]"
1,NA,NA,NA,"M",66,1,0,0,0,0,0,"uuid:70a351ae-ff1f-407d-a86e-f36159530f30","uuid:70a351ae-ff1f-407d-a86e-f36159530f30/survey_grp/SECTION_HOUSEHOLD_INFO/householdpopulation/hh_pop_repeat[1]"
2,NA,NA,NA,"F",61,0,2,0,0,0,0,"uuid:70a351ae-ff1f-407d-a86e-f36159530f30","uuid:70a351ae-ff1f-407d-a86e-f36159530f30/survey_grp/SECTION_HOUSEHOLD_INFO/householdpopulation/hh_pop_repeat[2]"
3,NA,NA,NA,"F",23,0,0,0,4,0,0,"uuid:70a351ae-ff1f-407d-a86e-f36159530f30","uuid:70a351ae-ff1f-407d-a86e-f36159530f30/survey_grp/SECTION_HOUSEHOLD_INFO/householdpopulation/hh_pop_repeat[3]"
1,NA,NA,NA,"M",47,1,0,0,0,0,0,"uuid:be3a4aac-5edb-4259-ac9e-cac9bffc697d","uuid:be3a4aac-5edb-4259-ac9e-cac9bffc697d/survey_grp/SECTION_HOUSEHOLD_INFO/householdpopulation/hh_pop_repeat[1]"
2,NA,NA,NA,"F",47,0,2,0,0,0,0,"uuid:be3a4aac-5edb-4259-ac9e-cac9bffc697d","uuid:be3a4aac-5edb-4259-ac9e-cac9bffc697d/survey_grp/SECTION_HOUSEHOLD_INFO/householdpopulation/hh_pop_repeat[2]"
3,NA,NA,NA,"F",19,0,0,0,4,0,0,"uuid:be3a4aac-5edb-4259-ac9e-cac9bffc697d","uuid:be3a4aac-5edb-4259-ac9e-cac9bffc697d/survey_grp/SECTION_HOUSEHOLD_INFO/householdpopulation/hh_pop_repeat[3]"
4,NA,NA,NA,"M",14,0,0,0,0,5,0,"uuid:be3a4aac-5edb-4259-ac9e-cac9bffc697d","uuid:be3a4aac-5edb-4259-ac9e-cac9bffc697d/survey_grp/SECTION_HOUSEHOLD_INFO/householdpopulation/hh_pop_repeat[4]"
1,NA,NA,NA,"M",79,1,0,0,0,0,0,"uuid:29d36225-5ab5-4b78-9f10-cc2f212988f4","uuid:29d36225-5ab5-4b78-9f10-cc2f212988f4/survey_grp/SECTION_HOUSEHOLD_INFO/householdpopulation/hh_pop_repeat[1]"
2,NA,NA,NA,"F",76,0,2,0,0,0,0,"uuid:29d36225-5ab5-4b78-9f10-cc2f212988f4","uuid:29d36225-5ab5-4b78-9f10-cc2f212988f4/survey_grp/SECTION_HOUSEHOLD_INFO/householdpopulation/hh_pop_repeat[2]"
3,NA,NA,NA,"M",11,0,0,0,0,5,0,"uuid:29d36225-5ab5-4b78-9f10-cc2f212988f4","uuid:29d36225-5ab5-4b78-9f10-cc2f212988f4/survey_grp/SECTION_HOUSEHOLD_INFO/householdpopulation/hh_pop_repeat[3]"
1,NA,NA,NA,"M",45,1,0,0,0,0,0,"uuid:5d4cf43a-7195-455e-8616-8c842aeeec38","uuid:5d4cf43a-7195-455e-8616-8c842aeeec38/survey_grp/SECTION_HOUSEHOLD_INFO/householdpopulation/hh_pop_repeat[1]"
2,NA,NA,NA,"F",41,0,2,0,0,0,0,"uuid:5d4cf43a-7195-455e-8616-8c842aeeec38","uuid:5d4cf43a-7195-455e-8616-8c842aeeec38/survey_grp/SECTION_HOUSEHOLD_INFO/householdpopulation/hh_pop_repeat[2]"
3,NA,NA,NA,"M",23,0,0,3,0,0,0,"uuid:5d4cf43a-7195-455e-8616-8c842aeeec38","uuid:5d4cf43a-7195-455e-8616-8c842aeeec38/survey_grp/SECTION_HOUSEHOLD_INFO/householdpopulation/hh_pop_repeat[3]"
4,NA,NA,NA,"F",20,0,0,0,4,0,0,"uuid:5d4cf43a-7195-455e-8616-8c842aeeec38","uuid:5d4cf43a-7195-455e-8616-8c842aeeec38/survey_grp/SECTION_HOUSEHOLD_INFO/householdpopulation/hh_pop_repeat[4]"
5,NA,NA,NA,"M",20,0,0,3,0,0,0,"uuid:5d4cf43a-7195-455e-8616-8c842aeeec38","uuid:5d4cf43a-7195-455e-8616-8c842aeeec38/survey_grp/SECTION_HOUSEHOLD_INFO/householdpopulation/hh_pop_repeat[5]"
6,NA,NA,NA,"F",18,0,0,0,4,0,0,"uuid:5d4cf43a-7195-455e-8616-8c842aeeec38","uuid:5d4cf43a-7195-455e-8616-8c842aeeec38/survey_grp/SECTION_HOUSEHOLD_INFO/householdpopulation/hh_pop_repeat[6]"
7,NA,NA,NA,"F",12,0,0,0,0,0,6,"uuid:5d4cf43a-7195-455e-8616-8c842aeeec38","uuid:5d4cf43a-7195-455e-8616-8c842aeeec38/survey_grp/SECTION_HOUSEHOLD_INFO/householdpopulation/hh_pop_repeat[7]"
8,NA,NA,NA,"M",7,0,0,0,0,5,0,"uuid:5d4cf43a-7195-455e-8616-8c842aeeec38","uuid:5d4cf43a-7195-455e-8616-8c842aeeec38/survey_grp/SECTION_HOUSEHOLD_INFO/householdpopulation/hh_pop_repeat[8]"
9,NA,NA,NA,"F",4,0,0,0,0,0,6,"uuid:5d4cf43a-7195-455e-8616-8c842aeeec38","uuid:5d4cf43a-7195-455e-8616-8c842aeeec38/survey_grp/SECTION_HOUSEHOLD_INFO/householdpopulation/hh_pop_repeat[9]"
1,NA,NA,NA,"M",72,1,0,0,0,0,0,"uuid:08aab7fc-237c-4b94-94bf-ab5428cf5be2","uuid:08aab7fc-237c-4b94-94bf-ab5428cf5be2/survey_grp/SECTION_HOUSEHOLD_INFO/householdpopulation/hh_pop_repeat[1]"
2,NA,NA,NA,"F",56,0,2,0,0,0,0,"uuid:08aab7fc-237c-4b94-94bf-ab5428cf5be2","uuid:08aab7fc-237c-4b94-94bf-ab5428cf5be2/survey_grp/SECTION_HOUSEHOLD_INFO/householdpopulation/hh_pop_repeat[2]"
3,NA,NA,NA,"M",32,1,0,0,0,0,0,"uuid:08aab7fc-237c-4b94-94bf-ab5428cf5be2","uuid:08aab7fc-237c-4b94-94bf-ab5428cf5be2/survey_grp/SECTION_HOUSEHOLD_INFO/householdpopulation/hh_pop_repeat[3]"
4,NA,NA,NA,"F",20,0,0,0,4,0,0,"uuid:08aab7fc-237c-4b94-94bf-ab5428cf5be2","uuid:08aab7fc-237c-4b94-94bf-ab5428cf5be2/survey_grp/SECTION_HOUSEHOLD_INFO/householdpopulation/hh_pop_repeat[4]"
5,NA,NA,NA,"F",6,0,0,0,0,0,6,"uuid:08aab7fc-237c-4b94-94bf-ab5428cf5be2","uuid:08aab7fc-237c-4b94-94bf-ab5428cf5be2/survey_grp/SECTION_HOUSEHOLD_INFO/householdpopulation/hh_pop_repeat[5]"
1,NA,NA,NA,"M",84,1,0,0,0,0,0,"uuid:c5dae52b-27a9-4ac9-b286-f4f88cfc6294","uuid:c5dae52b-27a9-4ac9-b286-f4f88cfc6294/survey_grp/SECTION_HOUSEHOLD_INFO/householdpopulation/hh_pop_repeat[1]"
2,NA,NA,NA,"F",72,0,2,0,0,0,0,"uuid:c5dae52b-27a9-4ac9-b286-f4f88cfc6294","uuid:c5dae52b-27a9-4ac9-b286-f4f88cfc6294/survey_grp/SECTION_HOUSEHOLD_INFO/householdpopulation/hh_pop_repeat[2]"
3,NA,NA,NA,"F",49,0,2,0,0,0,0,"uuid:c5dae52b-27a9-4ac9-b286-f4f88cfc6294","uuid:c5dae52b-27a9-4ac9-b286-f4f88cfc6294/survey_grp/SECTION_HOUSEHOLD_INFO/householdpopulation/hh_pop_repeat[3]"
4,NA,NA,NA,"F",19,0,0,0,4,0,0,"uuid:c5dae52b-27a9-4ac9-b286-f4f88cfc6294","uuid:c5dae52b-27a9-4ac9-b286-f4f88cfc6294/survey_grp/SECTION_HOUSEHOLD_INFO/householdpopulation/hh_pop_repeat[4]"
5,NA,NA,NA,"F",17,0,0,0,4,0,0,"uuid:c5dae52b-27a9-4ac9-b286-f4f88cfc6294","uuid:c5dae52b-27a9-4ac9-b286-f4f88cfc6294/survey_grp/SECTION_HOUSEHOLD_INFO/householdpopulation/hh_pop_repeat[5]"
6,NA,NA,NA,"M",14,0,0,0,0,5,0,"uuid:c5dae52b-27a9-4ac9-b286-f4f88cfc6294","uuid:c5dae52b-27a9-4ac9-b286-f4f88cfc6294/survey_grp/SECTION_HOUSEHOLD_INFO/householdpopulation/hh_pop_repeat[6]"
7,NA,NA,NA,"F",9,0,0,0,0,0,6,"uuid:c5dae52b-27a9-4ac9-b286-f4f88cfc6294","uuid:c5dae52b-27a9-4ac9-b286-f4f88cfc6294/survey_grp/SECTION_HOUSEHOLD_INFO/householdpopulation/hh_pop_repeat[7]"
8,NA,NA,NA,"M",28,0,0,3,0,0,0,"uuid:c5dae52b-27a9-4ac9-b286-f4f88cfc6294","uuid:c5dae52b-27a9-4ac9-b286-f4f88cfc6294/survey_grp/SECTION_HOUSEHOLD_INFO/householdpopulation/hh_pop_repeat[8]"
1,NA,NA,NA,"M",50,1,0,0,0,0,0,"uuid:3371b338-5a4e-4c7f-a05d-9654df390a3f","uuid:3371b338-5a4e-4c7f-a05d-9654df390a3f/survey_grp/SECTION_HOUSEHOLD_INFO/householdpopulation/hh_pop_repeat[1]"
2,NA,NA,NA,"F",47,0,2,0,0,0,0,"uuid:3371b338-5a4e-4c7f-a05d-9654df390a3f","uuid:3371b338-5a4e-4c7f-a05d-9654df390a3f/survey_grp/SECTION_HOUSEHOLD_INFO/householdpopulation/hh_pop_repeat[2]"
3,NA,NA,NA,"M",27,0,0,3,0,0,0,"uuid:3371b338-5a4e-4c7f-a05d-9654df390a3f","uuid:3371b338-5a4e-4c7f-a05d-9654df390a3f/survey_grp/SECTION_HOUSEHOLD_INFO/householdpopulation/hh_pop_repeat[3]"
4,NA,NA,NA,"M",25,0,0,3,0,0,0,"uuid:3371b338-5a4e-4c7f-a05d-9654df390a3f","uuid:3371b338-5a4e-4c7f-a05d-9654df390a3f/survey_grp/SECTION_HOUSEHOLD_INFO/householdpopulation/hh_pop_repeat[4]"
5,NA,NA,NA,"M",23,0,0,3,0,0,0,"uuid:3371b338-5a4e-4c7f-a05d-9654df390a3f","uuid:3371b338-5a4e-4c7f-a05d-9654df390a3f/survey_grp/SECTION_HOUSEHOLD_INFO/householdpopulation/hh_pop_repeat[5]"
6,NA,NA,NA,"F",20,0,0,0,4,0,0,"uuid:3371b338-5a4e-4c7f-a05d-9654df390a3f","uuid:3371b338-5a4e-4c7f-a05d-9654df390a3f/survey_grp/SECTION_HOUSEHOLD_INFO/householdpopulation/hh_pop_repeat[6]"
7,NA,NA,NA,"M",18,0,0,3,0,0,0,"uuid:3371b338-5a4e-4c7f-a05d-9654df390a3f","uuid:3371b338-5a4e-4c7f-a05d-9654df390a3f/survey_grp/SECTION_HOUSEHOLD_INFO/householdpopulation/hh_pop_repeat[7]"
8,NA,NA,NA,"F",11,0,0,0,0,0,6,"uuid:3371b338-5a4e-4c7f-a05d-9654df390a3f","uuid:3371b338-5a4e-4c7f-a05d-9654df390a3f/survey_grp/SECTION_HOUSEHOLD_INFO/householdpopulation/hh_pop_repeat[8]"
9,NA,NA,NA,"F",28,0,0,0,4,0,0,"uuid:3371b338-5a4e-4c7f-a05d-9654df390a3f","uuid:3371b338-5a4e-4c7f-a05d-9654df390a3f/survey_grp/SECTION_HOUSEHOLD_INFO/householdpopulation/hh_pop_repeat[9]"
10,NA,NA,NA,"F",22,0,0,0,4,0,0,"uuid:3371b338-5a4e-4c7f-a05d-9654df390a3f","uuid:3371b338-5a4e-4c7f-a05d-9654df390a3f/survey_grp/SECTION_HOUSEHOLD_INFO/householdpopulation/hh_pop_repeat[10]"
1,NA,NA,NA,"M",46,1,0,0,0,0,0,"uuid:1791d608-1f35-4f92-b26a-1cf135b07a33","uuid:1791d608-1f35-4f92-b26a-1cf135b07a33/survey_grp/SECTION_HOUSEHOLD_INFO/householdpopulation/hh_pop_repeat[1]"
2,NA,NA,NA,"F",33,0,2,0,0,0,0,"uuid:1791d608-1f35-4f92-b26a-1cf135b07a33","uuid:1791d608-1f35-4f92-b26a-1cf135b07a33/survey_grp/SECTION_HOUSEHOLD_INFO/householdpopulation/hh_pop_repeat[2]"
3,NA,NA,NA,"F",14,0,0,0,0,0,6,"uuid:1791d608-1f35-4f92-b26a-1cf135b07a33","uuid:1791d608-1f35-4f92-b26a-1cf135b07a33/survey_grp/SECTION_HOUSEHOLD_INFO/householdpopulation/hh_pop_repeat[3]"
1,NA,NA,NA,"M",66,1,0,0,0,0,0,"uuid:22462bd0-e744-4f49-81f9-8cb83c62f629","uuid:22462bd0-e744-4f49-81f9-8cb83c62f629/survey_grp/SECTION_HOUSEHOLD_INFO/householdpopulation/hh_pop_repeat[1]"
2,NA,NA,NA,"F",65,0,2,0,0,0,0,"uuid:22462bd0-e744-4f49-81f9-8cb83c62f629","uuid:22462bd0-e744-4f49-81f9-8cb83c62f629/survey_grp/SECTION_HOUSEHOLD_INFO/householdpopulation/hh_pop_repeat[2]"
3,NA,NA,NA,"M",23,0,0,3,0,0,0,"uuid:22462bd0-e744-4f49-81f9-8cb83c62f629","uuid:22462bd0-e744-4f49-81f9-8cb83c62f629/survey_grp/SECTION_HOUSEHOLD_INFO/householdpopulation/hh_pop_repeat[3]"
4,NA,NA,NA,"M",27,0,0,3,0,0,0,"uuid:22462bd0-e744-4f49-81f9-8cb83c62f629","uuid:22462bd0-e744-4f49-81f9-8cb83c62f629/survey_grp/SECTION_HOUSEHOLD_INFO/householdpopulation/hh_pop_repeat[4]"
1,NA,NA,NA,"M",54,1,0,0,0,0,0,"uuid:c5c1a0b2-f512-42d2-9ad8-12bed68afe30","uuid:c5c1a0b2-f512-42d2-9ad8-12bed68afe30/survey_grp/SECTION_HOUSEHOLD_INFO/householdpopulation/hh_pop_repeat[1]"
2,NA,NA,NA,"M",43,1,0,0,0,0,0,"uuid:c5c1a0b2-f512-42d2-9ad8-12bed68afe30","uuid:c5c1a0b2-f512-42d2-9ad8-12bed68afe30/survey_grp/SECTION_HOUSEHOLD_INFO/householdpopulation/hh_pop_repeat[2]"
3,NA,NA,NA,"M",80,1,0,0,0,0,0,"uuid:c5c1a0b2-f512-42d2-9ad8-12bed68afe30","uuid:c5c1a0b2-f512-42d2-9ad8-12bed68afe30/survey_grp/SECTION_HOUSEHOLD_INFO/householdpopulation/hh_pop_repeat[3]"
1,NA,NA,NA,"M",35,1,0,0,0,0,0,"uuid:2eebef0d-b87d-4c0a-b614-96e2f6fc90f1","uuid:2eebef0d-b87d-4c0a-b614-96e2f6fc90f1/survey_grp/SECTION_HOUSEHOLD_INFO/householdpopulation/hh_pop_repeat[1]"
2,NA,NA,NA,"F",21,0,0,0,4,0,0,"uuid:2eebef0d-b87d-4c0a-b614-96e2f6fc90f1","uuid:2eebef0d-b87d-4c0a-b614-96e2f6fc90f1/survey_grp/SECTION_HOUSEHOLD_INFO/householdpopulation/hh_pop_repeat[2]"
3,NA,NA,NA,"F",20,0,0,0,4,0,0,"uuid:2eebef0d-b87d-4c0a-b614-96e2f6fc90f1","uuid:2eebef0d-b87d-4c0a-b614-96e2f6fc90f1/survey_grp/SECTION_HOUSEHOLD_INFO/householdpopulation/hh_pop_repeat[3]"
4,NA,NA,NA,"F",16,0,0,0,4,0,0,"uuid:2eebef0d-b87d-4c0a-b614-96e2f6fc90f1","uuid:2eebef0d-b87d-4c0a-b614-96e2f6fc90f1/survey_grp/SECTION_HOUSEHOLD_INFO/householdpopulation/hh_pop_repeat[4]"
5,NA,NA,NA,"M",4,0,0,0,0,5,0,"uuid:2eebef0d-b87d-4c0a-b614-96e2f6fc90f1","uuid:2eebef0d-b87d-4c0a-b614-96e2f6fc90f1/survey_grp/SECTION_HOUSEHOLD_INFO/householdpopulation/hh_pop_repeat[5]"
1,NA,NA,NA,"M",55,1,0,0,0,0,0,"uuid:952174d5-837a-43e1-8a87-15b840e32828","uuid:952174d5-837a-43e1-8a87-15b840e32828/survey_grp/SECTION_HOUSEHOLD_INFO/householdpopulation/hh_pop_repeat[1]"
2,NA,NA,NA,"F",49,0,2,0,0,0,0,"uuid:952174d5-837a-43e1-8a87-15b840e32828","uuid:952174d5-837a-43e1-8a87-15b840e32828/survey_grp/SECTION_HOUSEHOLD_INFO/householdpopulation/hh_pop_repeat[2]"
3,NA,NA,NA,"M",28,0,0,3,0,0,0,"uuid:952174d5-837a-43e1-8a87-15b840e32828","uuid:952174d5-837a-43e1-8a87-15b840e32828/survey_grp/SECTION_HOUSEHOLD_INFO/householdpopulation/hh_pop_repeat[3]"
4,NA,NA,NA,"F",22,0,0,0,4,0,0,"uuid:952174d5-837a-43e1-8a87-15b840e32828","uuid:952174d5-837a-43e1-8a87-15b840e32828/survey_grp/SECTION_HOUSEHOLD_INFO/householdpopulation/hh_pop_repeat[4]"
5,NA,NA,NA,"F",7,0,0,0,0,0,6,"uuid:952174d5-837a-43e1-8a87-15b840e32828","uuid:952174d5-837a-43e1-8a87-15b840e32828/survey_grp/SECTION_HOUSEHOLD_INFO/householdpopulation/hh_pop_repeat[5]"
1,NA,NA,NA,"M",52,1,0,0,0,0,0,"uuid:16cf72fb-c895-4f56-b940-37979fdbaaf8","uuid:16cf72fb-c895-4f56-b940-37979fdbaaf8/survey_grp/SECTION_HOUSEHOLD_INFO/householdpopulation/hh_pop_repeat[1]"
2,NA,NA,NA,"F",38,0,2,0,0,0,0,"uuid:16cf72fb-c895-4f56-b940-37979fdbaaf8","uuid:16cf72fb-c895-4f56-b940-37979fdbaaf8/survey_grp/SECTION_HOUSEHOLD_INFO/householdpopulation/hh_pop_repeat[2]"
3,NA,NA,NA,"F",75,0,2,0,0,0,0,"uuid:16cf72fb-c895-4f56-b940-37979fdbaaf8","uuid:16cf72fb-c895-4f56-b940-37979fdbaaf8/survey_grp/SECTION_HOUSEHOLD_INFO/householdpopulation/hh_pop_repeat[3]"
4,NA,NA,NA,"F",9,0,0,0,0,0,6,"uuid:16cf72fb-c895-4f56-b940-37979fdbaaf8","uuid:16cf72fb-c895-4f56-b940-37979fdbaaf8/survey_grp/SECTION_HOUSEHOLD_INFO/householdpopulation/hh_pop_repeat[4]"
5,NA,NA,NA,"M",80,1,0,0,0,0,0,"uuid:16cf72fb-c895-4f56-b940-37979fdbaaf8","uuid:16cf72fb-c895-4f56-b940-37979fdbaaf8/survey_grp/SECTION_HOUSEHOLD_INFO/householdpopulation/hh_pop_repeat[5]"
1,NA,NA,NA,"M",35,1,0,0,0,0,0,"uuid:6dfd809a-34ed-45ba-8f8c-af266cc04814","uuid:6dfd809a-34ed-45ba-8f8c-af266cc04814/survey_grp/SECTION_HOUSEHOLD_INFO/householdpopulation/hh_pop_repeat[1]"
2,NA,NA,NA,"F",17,0,0,0,4,0,0,"uuid:6dfd809a-34ed-45ba-8f8c-af266cc04814","uuid:6dfd809a-34ed-45ba-8f8c-af266cc04814/survey_grp/SECTION_HOUSEHOLD_INFO/householdpopulation/hh_pop_repeat[2]"
3,NA,NA,NA,"F",14,0,0,0,0,0,6,"uuid:6dfd809a-34ed-45ba-8f8c-af266cc04814","uuid:6dfd809a-34ed-45ba-8f8c-af266cc04814/survey_grp/SECTION_HOUSEHOLD_INFO/householdpopulation/hh_pop_repeat[3]"
1,NA,NA,NA,"M",37,1,0,0,0,0,0,"uuid:baf2938a-9003-440c-94d6-44c2eb98f729","uuid:baf2938a-9003-440c-94d6-44c2eb98f729/survey_grp/SECTION_HOUSEHOLD_INFO/householdpopulation/hh_pop_repeat[1]"
2,NA,NA,NA,"F",40,0,2,0,0,0,0,"uuid:baf2938a-9003-440c-94d6-44c2eb98f729","uuid:baf2938a-9003-440c-94d6-44c2eb98f729/survey_grp/SECTION_HOUSEHOLD_INFO/householdpopulation/hh_pop_repeat[2]"
3,NA,NA,NA,"M",12,0,0,0,0,5,0,"uuid:baf2938a-9003-440c-94d6-44c2eb98f729","uuid:baf2938a-9003-440c-94d6-44c2eb98f729/survey_grp/SECTION_HOUSEHOLD_INFO/householdpopulation/hh_pop_repeat[3]"
4,NA,NA,NA,"F",6,0,0,0,0,0,6,"uuid:baf2938a-9003-440c-94d6-44c2eb98f729","uuid:baf2938a-9003-440c-94d6-44c2eb98f729/survey_grp/SECTION_HOUSEHOLD_INFO/householdpopulation/hh_pop_repeat[4]"
1,NA,NA,NA,"F",35,0,2,0,0,0,0,"uuid:f098304f-c05f-4537-9e9c-b4c8ca41239d","uuid:f098304f-c05f-4537-9e9c-b4c8ca41239d/survey_grp/SECTION_HOUSEHOLD_INFO/householdpopulation/hh_pop_repeat[1]"
2,NA,NA,NA,"M",42,1,0,0,0,0,0,"uuid:f098304f-c05f-4537-9e9c-b4c8ca41239d","uuid:f098304f-c05f-4537-9e9c-b4c8ca41239d/survey_grp/SECTION_HOUSEHOLD_INFO/householdpopulation/hh_pop_repeat[2]"
3,NA,NA,NA,"M",16,0,0,3,0,0,0,"uuid:f098304f-c05f-4537-9e9c-b4c8ca41239d","uuid:f098304f-c05f-4537-9e9c-b4c8ca41239d/survey_grp/SECTION_HOUSEHOLD_INFO/householdpopulation/hh_pop_repeat[3]"
4,NA,NA,NA,"F",9,0,0,0,0,0,6,"uuid:f098304f-c05f-4537-9e9c-b4c8ca41239d","uuid:f098304f-c05f-4537-9e9c-b4c8ca41239d/survey_grp/SECTION_HOUSEHOLD_INFO/householdpopulation/hh_pop_repeat[4]"
1,NA,NA,NA,"M",56,1,0,0,0,0,0,"uuid:a74ca207-5b4c-4648-bb1b-3921ef5074a5","uuid:a74ca207-5b4c-4648-bb1b-3921ef5074a5/survey_grp/SECTION_HOUSEHOLD_INFO/householdpopulation/hh_pop_repeat[1]"
2,NA,NA,NA,"F",53,0,2,0,0,0,0,"uuid:a74ca207-5b4c-4648-bb1b-3921ef5074a5","uuid:a74ca207-5b4c-4648-bb1b-3921ef5074a5/survey_grp/SECTION_HOUSEHOLD_INFO/householdpopulation/hh_pop_repeat[2]"
3,NA,NA,NA,"F",20,0,0,0,4,0,0,"uuid:a74ca207-5b4c-4648-bb1b-3921ef5074a5","uuid:a74ca207-5b4c-4648-bb1b-3921ef5074a5/survey_grp/SECTION_HOUSEHOLD_INFO/householdpopulation/hh_pop_repeat[3]"
1,NA,NA,NA,"M",58,1,0,0,0,0,0,"uuid:806d2b9f-159f-4efb-8b0f-58d08f9c7826","uuid:806d2b9f-159f-4efb-8b0f-58d08f9c7826/survey_grp/SECTION_HOUSEHOLD_INFO/householdpopulation/hh_pop_repeat[1]"
2,NA,NA,NA,"F",44,0,2,0,0,0,0,"uuid:806d2b9f-159f-4efb-8b0f-58d08f9c7826","uuid:806d2b9f-159f-4efb-8b0f-58d08f9c7826/survey_grp/SECTION_HOUSEHOLD_INFO/householdpopulation/hh_pop_repeat[2]"
3,NA,NA,NA,"F",33,0,2,0,0,0,0,"uuid:806d2b9f-159f-4efb-8b0f-58d08f9c7826","uuid:806d2b9f-159f-4efb-8b0f-58d08f9c7826/survey_grp/SECTION_HOUSEHOLD_INFO/householdpopulation/hh_pop_repeat[3]"
4,NA,NA,NA,"M",10,0,0,0,0,5,0,"uuid:806d2b9f-159f-4efb-8b0f-58d08f9c7826","uuid:806d2b9f-159f-4efb-8b0f-58d08f9c7826/survey_grp/SECTION_HOUSEHOLD_INFO/householdpopulation/hh_pop_repeat[4]"
5,NA,NA,NA,"F",3,0,0,0,0,0,6,"uuid:806d2b9f-159f-4efb-8b0f-58d08f9c7826","uuid:806d2b9f-159f-4efb-8b0f-58d08f9c7826/survey_grp/SECTION_HOUSEHOLD_INFO/householdpopulation/hh_pop_repeat[5]"
1,NA,NA,NA,"M",54,1,0,0,0,0,0,"uuid:13b725f2-b3b3-411e-aaf4-c451d53f50db","uuid:13b725f2-b3b3-411e-aaf4-c451d53f50db/survey_grp/SECTION_HOUSEHOLD_INFO/householdpopulation/hh_pop_repeat[1]"
2,NA,NA,NA,"F",53,0,2,0,0,0,0,"uuid:13b725f2-b3b3-411e-aaf4-c451d53f50db","uuid:13b725f2-b3b3-411e-aaf4-c451d53f50db/survey_grp/SECTION_HOUSEHOLD_INFO/householdpopulation/hh_pop_repeat[2]"
3,NA,NA,NA,"F",34,0,2,0,0,0,0,"uuid:13b725f2-b3b3-411e-aaf4-c451d53f50db","uuid:13b725f2-b3b3-411e-aaf4-c451d53f50db/survey_grp/SECTION_HOUSEHOLD_INFO/householdpopulation/hh_pop_repeat[3]"
4,NA,NA,NA,"M",18,0,0,3,0,0,0,"uuid:13b725f2-b3b3-411e-aaf4-c451d53f50db","uuid:13b725f2-b3b3-411e-aaf4-c451d53f50db/survey_grp/SECTION_HOUSEHOLD_INFO/householdpopulation/hh_pop_repeat[4]"
5,NA,NA,NA,"F",6,0,0,0,0,0,6,"uuid:13b725f2-b3b3-411e-aaf4-c451d53f50db","uuid:13b725f2-b3b3-411e-aaf4-c451d53f50db/survey_grp/SECTION_HOUSEHOLD_INFO/householdpopulation/hh_pop_repeat[5]"
6,NA,NA,NA,"F",85,0,2,0,0,0,0,"uuid:13b725f2-b3b3-411e-aaf4-c451d53f50db","uuid:13b725f2-b3b3-411e-aaf4-c451d53f50db/survey_grp/SECTION_HOUSEHOLD_INFO/householdpopulation/hh_pop_repeat[6]"
1,NA,NA,NA,"M",53,1,0,0,0,0,0,"uuid:9c9efac7-0d5e-4740-ada1-9185f7f2e122","uuid:9c9efac7-0d5e-4740-ada1-9185f7f2e122/survey_grp/SECTION_HOUSEHOLD_INFO/householdpopulation/hh_pop_repeat[1]"
2,NA,NA,NA,"F",51,0,2,0,0,0,0,"uuid:9c9efac7-0d5e-4740-ada1-9185f7f2e122","uuid:9c9efac7-0d5e-4740-ada1-9185f7f2e122/survey_grp/SECTION_HOUSEHOLD_INFO/householdpopulation/hh_pop_repeat[2]"
3,NA,NA,NA,"F",30,0,0,0,4,0,0,"uuid:9c9efac7-0d5e-4740-ada1-9185f7f2e122","uuid:9c9efac7-0d5e-4740-ada1-9185f7f2e122/survey_grp/SECTION_HOUSEHOLD_INFO/householdpopulation/hh_pop_repeat[3]"
4,NA,NA,NA,"F",22,0,0,0,4,0,0,"uuid:9c9efac7-0d5e-4740-ada1-9185f7f2e122","uuid:9c9efac7-0d5e-4740-ada1-9185f7f2e122/survey_grp/SECTION_HOUSEHOLD_INFO/householdpopulation/hh_pop_repeat[4]"
5,NA,NA,NA,"M",14,0,0,0,0,5,0,"uuid:9c9efac7-0d5e-4740-ada1-9185f7f2e122","uuid:9c9efac7-0d5e-4740-ada1-9185f7f2e122/survey_grp/SECTION_HOUSEHOLD_INFO/householdpopulation/hh_pop_repeat[5]"
6,NA,NA,NA,"F",10,0,0,0,0,0,6,"uuid:9c9efac7-0d5e-4740-ada1-9185f7f2e122","uuid:9c9efac7-0d5e-4740-ada1-9185f7f2e122/survey_grp/SECTION_HOUSEHOLD_INFO/householdpopulation/hh_pop_repeat[6]"
7,NA,NA,NA,"M",7,0,0,0,0,5,0,"uuid:9c9efac7-0d5e-4740-ada1-9185f7f2e122","uuid:9c9efac7-0d5e-4740-ada1-9185f7f2e122/survey_grp/SECTION_HOUSEHOLD_INFO/householdpopulation/hh_pop_repeat[7]"
1,NA,NA,NA,"M",32,1,0,0,0,0,0,"uuid:93fbaec2-e6b8-4501-9466-1e7a3cdf63da","uuid:93fbaec2-e6b8-4501-9466-1e7a3cdf63da/survey_grp/SECTION_HOUSEHOLD_INFO/householdpopulation/hh_pop_repeat[1]"
2,NA,NA,NA,"F",27,0,0,0,4,0,0,"uuid:93fbaec2-e6b8-4501-9466-1e7a3cdf63da","uuid:93fbaec2-e6b8-4501-9466-1e7a3cdf63da/survey_grp/SECTION_HOUSEHOLD_INFO/householdpopulation/hh_pop_repeat[2]"
3,NA,NA,NA,"M",7,0,0,0,0,5,0,"uuid:93fbaec2-e6b8-4501-9466-1e7a3cdf63da","uuid:93fbaec2-e6b8-4501-9466-1e7a3cdf63da/survey_grp/SECTION_HOUSEHOLD_INFO/householdpopulation/hh_pop_repeat[3]"
4,NA,NA,NA,"M",3,0,0,0,0,5,0,"uuid:93fbaec2-e6b8-4501-9466-1e7a3cdf63da","uuid:93fbaec2-e6b8-4501-9466-1e7a3cdf63da/survey_grp/SECTION_HOUSEHOLD_INFO/householdpopulation/hh_pop_repeat[4]"
1,NA,NA,NA,"M",55,1,0,0,0,0,0,"uuid:73aba103-5b8e-4321-b193-6eb2f9973625","uuid:73aba103-5b8e-4321-b193-6eb2f9973625/survey_grp/SECTION_HOUSEHOLD_INFO/householdpopulation/hh_pop_repeat[1]"
2,NA,NA,NA,"F",48,0,2,0,0,0,0,"uuid:73aba103-5b8e-4321-b193-6eb2f9973625","uuid:73aba103-5b8e-4321-b193-6eb2f9973625/survey_grp/SECTION_HOUSEHOLD_INFO/householdpopulation/hh_pop_repeat[2]"
3,NA,NA,NA,"F",3,0,0,0,0,0,6,"uuid:73aba103-5b8e-4321-b193-6eb2f9973625","uuid:73aba103-5b8e-4321-b193-6eb2f9973625/survey_grp/SECTION_HOUSEHOLD_INFO/householdpopulation/hh_pop_repeat[3]"
1,NA,NA,NA,"M",51,1,0,0,0,0,0,"uuid:e9e07fe4-cd07-4b5c-a323-ef1c787cd58f","uuid:e9e07fe4-cd07-4b5c-a323-ef1c787cd58f/survey_grp/SECTION_HOUSEHOLD_INFO/householdpopulation/hh_pop_repeat[1]"
2,NA,NA,NA,"F",47,0,2,0,0,0,0,"uuid:e9e07fe4-cd07-4b5c-a323-ef1c787cd58f","uuid:e9e07fe4-cd07-4b5c-a323-ef1c787cd58f/survey_grp/SECTION_HOUSEHOLD_INFO/householdpopulation/hh_pop_repeat[2]"
3,NA,NA,NA,"F",19,0,0,0,4,0,0,"uuid:e9e07fe4-cd07-4b5c-a323-ef1c787cd58f","uuid:e9e07fe4-cd07-4b5c-a323-ef1c787cd58f/survey_grp/SECTION_HOUSEHOLD_INFO/householdpopulation/hh_pop_repeat[3]"
4,NA,NA,NA,"F",9,0,0,0,0,0,6,"uuid:e9e07fe4-cd07-4b5c-a323-ef1c787cd58f","uuid:e9e07fe4-cd07-4b5c-a323-ef1c787cd58f/survey_grp/SECTION_HOUSEHOLD_INFO/householdpopulation/hh_pop_repeat[4]"
5,NA,NA,NA,"M",7,0,0,0,0,5,0,"uuid:e9e07fe4-cd07-4b5c-a323-ef1c787cd58f","uuid:e9e07fe4-cd07-4b5c-a323-ef1c787cd58f/survey_grp/SECTION_HOUSEHOLD_INFO/householdpopulation/hh_pop_repeat[5]"
6,NA,NA,NA,"M",23,0,0,3,0,0,0,"uuid:e9e07fe4-cd07-4b5c-a323-ef1c787cd58f","uuid:e9e07fe4-cd07-4b5c-a323-ef1c787cd58f/survey_grp/SECTION_HOUSEHOLD_INFO/householdpopulation/hh_pop_repeat[6]"
1,NA,NA,NA,"M",87,1,0,0,0,0,0,"uuid:d6e1eed6-f639-4728-ad2f-94c994e98764","uuid:d6e1eed6-f639-4728-ad2f-94c994e98764/survey_grp/SECTION_HOUSEHOLD_INFO/householdpopulation/hh_pop_repeat[1]"
2,NA,NA,NA,"M",31,1,0,0,0,0,0,"uuid:d6e1eed6-f639-4728-ad2f-94c994e98764","uuid:d6e1eed6-f639-4728-ad2f-94c994e98764/survey_grp/SECTION_HOUSEHOLD_INFO/householdpopulation/hh_pop_repeat[2]"
3,NA,NA,NA,"M",88,1,0,0,0,0,0,"uuid:d6e1eed6-f639-4728-ad2f-94c994e98764","uuid:d6e1eed6-f639-4728-ad2f-94c994e98764/survey_grp/SECTION_HOUSEHOLD_INFO/householdpopulation/hh_pop_repeat[3]"
1,NA,NA,NA,"M",89,1,0,0,0,0,0,"uuid:7c716990-6016-4fa2-9328-7d299a5b4cfb","uuid:7c716990-6016-4fa2-9328-7d299a5b4cfb/survey_grp/SECTION_HOUSEHOLD_INFO/householdpopulation/hh_pop_repeat[1]"
2,NA,NA,NA,"M",31,1,0,0,0,0,0,"uuid:7c716990-6016-4fa2-9328-7d299a5b4cfb","uuid:7c716990-6016-4fa2-9328-7d299a5b4cfb/survey_grp/SECTION_HOUSEHOLD_INFO/householdpopulation/hh_pop_repeat[2]"
3,NA,NA,NA,"F",87,0,2,0,0,0,0,"uuid:7c716990-6016-4fa2-9328-7d299a5b4cfb","uuid:7c716990-6016-4fa2-9328-7d299a5b4cfb/survey_grp/SECTION_HOUSEHOLD_INFO/householdpopulation/hh_pop_repeat[3]"
1,NA,NA,NA,"M",52,1,0,0,0,0,0,"uuid:6fe56098-896a-4e0c-af79-3fafed425a7d","uuid:6fe56098-896a-4e0c-af79-3fafed425a7d/survey_grp/SECTION_HOUSEHOLD_INFO/householdpopulation/hh_pop_repeat[1]"
2,NA,NA,NA,"F",42,0,2,0,0,0,0,"uuid:6fe56098-896a-4e0c-af79-3fafed425a7d","uuid:6fe56098-896a-4e0c-af79-3fafed425a7d/survey_grp/SECTION_HOUSEHOLD_INFO/householdpopulation/hh_pop_repeat[2]"
3,NA,NA,NA,"F",19,0,0,0,4,0,0,"uuid:6fe56098-896a-4e0c-af79-3fafed425a7d","uuid:6fe56098-896a-4e0c-af79-3fafed425a7d/survey_grp/SECTION_HOUSEHOLD_INFO/householdpopulation/hh_pop_repeat[3]"
4,NA,NA,NA,"F",17,0,0,0,4,0,0,"uuid:6fe56098-896a-4e0c-af79-3fafed425a7d","uuid:6fe56098-896a-4e0c-af79-3fafed425a7d/survey_grp/SECTION_HOUSEHOLD_INFO/householdpopulation/hh_pop_repeat[4]"
5,NA,NA,NA,"M",25,0,0,3,0,0,0,"uuid:6fe56098-896a-4e0c-af79-3fafed425a7d","uuid:6fe56098-896a-4e0c-af79-3fafed425a7d/survey_grp/SECTION_HOUSEHOLD_INFO/householdpopulation/hh_pop_repeat[5]"
1,NA,NA,NA,"M",34,1,0,0,0,0,0,"uuid:69d5607a-4ea1-4551-be84-b6901637f32f","uuid:69d5607a-4ea1-4551-be84-b6901637f32f/survey_grp/SECTION_HOUSEHOLD_INFO/householdpopulation/hh_pop_repeat[1]"
2,NA,NA,NA,"F",28,0,0,0,4,0,0,"uuid:69d5607a-4ea1-4551-be84-b6901637f32f","uuid:69d5607a-4ea1-4551-be84-b6901637f32f/survey_grp/SECTION_HOUSEHOLD_INFO/householdpopulation/hh_pop_repeat[2]"
3,NA,NA,NA,"M",7,0,0,0,0,5,0,"uuid:69d5607a-4ea1-4551-be84-b6901637f32f","uuid:69d5607a-4ea1-4551-be84-b6901637f32f/survey_grp/SECTION_HOUSEHOLD_INFO/householdpopulation/hh_pop_repeat[3]"
4,NA,NA,NA,"F",3,0,0,0,0,0,6,"uuid:69d5607a-4ea1-4551-be84-b6901637f32f","uuid:69d5607a-4ea1-4551-be84-b6901637f32f/survey_grp/SECTION_HOUSEHOLD_INFO/householdpopulation/hh_pop_repeat[4]"
1,NA,NA,NA,"M",70,1,0,0,0,0,0,"uuid:7ab4529b-ff6c-4664-b629-eee9aca64db8","uuid:7ab4529b-ff6c-4664-b629-eee9aca64db8/survey_grp/SECTION_HOUSEHOLD_INFO/householdpopulation/hh_pop_repeat[1]"
2,NA,NA,NA,"F",79,0,2,0,0,0,0,"uuid:7ab4529b-ff6c-4664-b629-eee9aca64db8","uuid:7ab4529b-ff6c-4664-b629-eee9aca64db8/survey_grp/SECTION_HOUSEHOLD_INFO/householdpopulation/hh_pop_repeat[2]"
1,NA,NA,NA,"F",50,0,2,0,0,0,0,"uuid:74301877-9bd6-4726-8236-d0adf83f443b","uuid:74301877-9bd6-4726-8236-d0adf83f443b/survey_grp/SECTION_HOUSEHOLD_INFO/householdpopulation/hh_pop_repeat[1]"
2,NA,NA,NA,"M",55,1,0,0,0,0,0,"uuid:74301877-9bd6-4726-8236-d0adf83f443b","uuid:74301877-9bd6-4726-8236-d0adf83f443b/survey_grp/SECTION_HOUSEHOLD_INFO/householdpopulation/hh_pop_repeat[2]"
3,NA,NA,NA,"F",18,0,0,0,4,0,0,"uuid:74301877-9bd6-4726-8236-d0adf83f443b","uuid:74301877-9bd6-4726-8236-d0adf83f443b/survey_grp/SECTION_HOUSEHOLD_INFO/householdpopulation/hh_pop_repeat[3]"
4,NA,NA,NA,"F",14,0,0,0,0,0,6,"uuid:74301877-9bd6-4726-8236-d0adf83f443b","uuid:74301877-9bd6-4726-8236-d0adf83f443b/survey_grp/SECTION_HOUSEHOLD_INFO/householdpopulation/hh_pop_repeat[4]"
5,NA,NA,NA,"M",5,0,0,0,0,5,0,"uuid:74301877-9bd6-4726-8236-d0adf83f443b","uuid:74301877-9bd6-4726-8236-d0adf83f443b/survey_grp/SECTION_HOUSEHOLD_INFO/householdpopulation/hh_pop_repeat[5]"
6,NA,NA,NA,"M",3,0,0,0,0,5,0,"uuid:74301877-9bd6-4726-8236-d0adf83f443b","uuid:74301877-9bd6-4726-8236-d0adf83f443b/survey_grp/SECTION_HOUSEHOLD_INFO/householdpopulation/hh_pop_repeat[6]"
1,NA,NA,NA,"M",84,1,0,0,0,0,0,"uuid:ed48078b-d72d-40ce-b623-47ba62d96beb","uuid:ed48078b-d72d-40ce-b623-47ba62d96beb/survey_grp/SECTION_HOUSEHOLD_INFO/householdpopulation/hh_pop_repeat[1]"
2,NA,NA,NA,"F",56,0,2,0,0,0,0,"uuid:ed48078b-d72d-40ce-b623-47ba62d96beb","uuid:ed48078b-d72d-40ce-b623-47ba62d96beb/survey_grp/SECTION_HOUSEHOLD_INFO/householdpopulation/hh_pop_repeat[2]"
3,NA,NA,NA,"M",55,1,0,0,0,0,0,"uuid:ed48078b-d72d-40ce-b623-47ba62d96beb","uuid:ed48078b-d72d-40ce-b623-47ba62d96beb/survey_grp/SECTION_HOUSEHOLD_INFO/householdpopulation/hh_pop_repeat[3]"
4,NA,NA,NA,"M",38,1,0,0,0,0,0,"uuid:ed48078b-d72d-40ce-b623-47ba62d96beb","uuid:ed48078b-d72d-40ce-b623-47ba62d96beb/survey_grp/SECTION_HOUSEHOLD_INFO/householdpopulation/hh_pop_repeat[4]"
5,NA,NA,NA,"F",31,0,2,0,0,0,0,"uuid:ed48078b-d72d-40ce-b623-47ba62d96beb","uuid:ed48078b-d72d-40ce-b623-47ba62d96beb/survey_grp/SECTION_HOUSEHOLD_INFO/householdpopulation/hh_pop_repeat[5]"
6,NA,NA,NA,"M",7,0,0,0,0,5,0,"uuid:ed48078b-d72d-40ce-b623-47ba62d96beb","uuid:ed48078b-d72d-40ce-b623-47ba62d96beb/survey_grp/SECTION_HOUSEHOLD_INFO/householdpopulation/hh_pop_repeat[6]"
1,NA,NA,NA,"M",38,1,0,0,0,0,0,"uuid:1f8ba4a5-daba-4b72-a20e-fba220523d0a","uuid:1f8ba4a5-daba-4b72-a20e-fba220523d0a/survey_grp/SECTION_HOUSEHOLD_INFO/householdpopulation/hh_pop_repeat[1]"
2,NA,NA,NA,"F",35,0,2,0,0,0,0,"uuid:1f8ba4a5-daba-4b72-a20e-fba220523d0a","uuid:1f8ba4a5-daba-4b72-a20e-fba220523d0a/survey_grp/SECTION_HOUSEHOLD_INFO/householdpopulation/hh_pop_repeat[2]"
3,NA,NA,NA,"M",16,0,0,3,0,0,0,"uuid:1f8ba4a5-daba-4b72-a20e-fba220523d0a","uuid:1f8ba4a5-daba-4b72-a20e-fba220523d0a/survey_grp/SECTION_HOUSEHOLD_INFO/householdpopulation/hh_pop_repeat[3]"
4,NA,NA,NA,"M",11,0,0,0,0,5,0,"uuid:1f8ba4a5-daba-4b72-a20e-fba220523d0a","uuid:1f8ba4a5-daba-4b72-a20e-fba220523d0a/survey_grp/SECTION_HOUSEHOLD_INFO/householdpopulation/hh_pop_repeat[4]"
1,NA,NA,NA,"F",41,0,2,0,0,0,0,"uuid:3aa4c397-c86f-4351-83bf-387b6c55067a","uuid:3aa4c397-c86f-4351-83bf-387b6c55067a/survey_grp/SECTION_HOUSEHOLD_INFO/householdpopulation/hh_pop_repeat[1]"
2,NA,NA,NA,"M",16,0,0,3,0,0,0,"uuid:3aa4c397-c86f-4351-83bf-387b6c55067a","uuid:3aa4c397-c86f-4351-83bf-387b6c55067a/survey_grp/SECTION_HOUSEHOLD_INFO/householdpopulation/hh_pop_repeat[2]"
3,NA,NA,NA,"F",12,0,0,0,0,0,6,"uuid:3aa4c397-c86f-4351-83bf-387b6c55067a","uuid:3aa4c397-c86f-4351-83bf-387b6c55067a/survey_grp/SECTION_HOUSEHOLD_INFO/householdpopulation/hh_pop_repeat[3]"
1,NA,NA,NA,"F",69,0,2,0,0,0,0,"uuid:07895944-c15b-4bd2-86e5-9e440ed10c2a","uuid:07895944-c15b-4bd2-86e5-9e440ed10c2a/survey_grp/SECTION_HOUSEHOLD_INFO/householdpopulation/hh_pop_repeat[1]"
2,NA,NA,NA,"M",9,0,0,0,0,5,0,"uuid:07895944-c15b-4bd2-86e5-9e440ed10c2a","uuid:07895944-c15b-4bd2-86e5-9e440ed10c2a/survey_grp/SECTION_HOUSEHOLD_INFO/householdpopulation/hh_pop_repeat[2]"
3,NA,NA,NA,"M",70,1,0,0,0,0,0,"uuid:07895944-c15b-4bd2-86e5-9e440ed10c2a","uuid:07895944-c15b-4bd2-86e5-9e440ed10c2a/survey_grp/SECTION_HOUSEHOLD_INFO/householdpopulation/hh_pop_repeat[3]"
1,NA,NA,NA,"M",15,0,0,3,0,0,0,"uuid:5161ca7e-0353-49b6-bc83-f19009c0db8b","uuid:5161ca7e-0353-49b6-bc83-f19009c0db8b/survey_grp/SECTION_HOUSEHOLD_INFO/householdpopulation/hh_pop_repeat[1]"
2,NA,NA,NA,"M",58,1,0,0,0,0,0,"uuid:5161ca7e-0353-49b6-bc83-f19009c0db8b","uuid:5161ca7e-0353-49b6-bc83-f19009c0db8b/survey_grp/SECTION_HOUSEHOLD_INFO/householdpopulation/hh_pop_repeat[2]"
3,NA,NA,NA,"F",56,0,2,0,0,0,0,"uuid:5161ca7e-0353-49b6-bc83-f19009c0db8b","uuid:5161ca7e-0353-49b6-bc83-f19009c0db8b/survey_grp/SECTION_HOUSEHOLD_INFO/householdpopulation/hh_pop_repeat[3]"
1,NA,NA,NA,"M",60,1,0,0,0,0,0,"uuid:312ba8fc-f99a-4c6d-b9e8-06412044880e","uuid:312ba8fc-f99a-4c6d-b9e8-06412044880e/survey_grp/SECTION_HOUSEHOLD_INFO/householdpopulation/hh_pop_repeat[1]"
2,NA,NA,NA,"F",52,0,2,0,0,0,0,"uuid:312ba8fc-f99a-4c6d-b9e8-06412044880e","uuid:312ba8fc-f99a-4c6d-b9e8-06412044880e/survey_grp/SECTION_HOUSEHOLD_INFO/householdpopulation/hh_pop_repeat[2]"
3,NA,NA,NA,"F",15,0,0,0,4,0,0,"uuid:312ba8fc-f99a-4c6d-b9e8-06412044880e","uuid:312ba8fc-f99a-4c6d-b9e8-06412044880e/survey_grp/SECTION_HOUSEHOLD_INFO/householdpopulation/hh_pop_repeat[3]"
4,NA,NA,NA,"F",6,0,0,0,0,0,6,"uuid:312ba8fc-f99a-4c6d-b9e8-06412044880e","uuid:312ba8fc-f99a-4c6d-b9e8-06412044880e/survey_grp/SECTION_HOUSEHOLD_INFO/householdpopulation/hh_pop_repeat[4]"
5,NA,NA,NA,"F",6,0,0,0,0,0,6,"uuid:312ba8fc-f99a-4c6d-b9e8-06412044880e","uuid:312ba8fc-f99a-4c6d-b9e8-06412044880e/survey_grp/SECTION_HOUSEHOLD_INFO/householdpopulation/hh_pop_repeat[5]"
1,NA,NA,NA,"M",50,1,0,0,0,0,0,"uuid:0cebd75d-4918-4588-8ea9-b516fae77040","uuid:0cebd75d-4918-4588-8ea9-b516fae77040/survey_grp/SECTION_HOUSEHOLD_INFO/householdpopulation/hh_pop_repeat[1]"
2,NA,NA,NA,"M",11,0,0,0,0,5,0,"uuid:0cebd75d-4918-4588-8ea9-b516fae77040","uuid:0cebd75d-4918-4588-8ea9-b516fae77040/survey_grp/SECTION_HOUSEHOLD_INFO/householdpopulation/hh_pop_repeat[2]"
3,NA,NA,NA,"M",2,0,0,0,0,5,0,"uuid:0cebd75d-4918-4588-8ea9-b516fae77040","uuid:0cebd75d-4918-4588-8ea9-b516fae77040/survey_grp/SECTION_HOUSEHOLD_INFO/householdpopulation/hh_pop_repeat[3]"
4,NA,NA,NA,"F",44,0,2,0,0,0,0,"uuid:0cebd75d-4918-4588-8ea9-b516fae77040","uuid:0cebd75d-4918-4588-8ea9-b516fae77040/survey_grp/SECTION_HOUSEHOLD_INFO/householdpopulation/hh_pop_repeat[4]"
1,NA,NA,NA,"M",49,1,0,0,0,0,0,"uuid:6331ef50-cb5c-4f29-bb32-2c8d0af37f44","uuid:6331ef50-cb5c-4f29-bb32-2c8d0af37f44/survey_grp/SECTION_HOUSEHOLD_INFO/householdpopulation/hh_pop_repeat[1]"
2,NA,NA,NA,"F",49,0,2,0,0,0,0,"uuid:6331ef50-cb5c-4f29-bb32-2c8d0af37f44","uuid:6331ef50-cb5c-4f29-bb32-2c8d0af37f44/survey_grp/SECTION_HOUSEHOLD_INFO/householdpopulation/hh_pop_repeat[2]"
3,NA,NA,NA,"F",11,0,0,0,0,0,6,"uuid:6331ef50-cb5c-4f29-bb32-2c8d0af37f44","uuid:6331ef50-cb5c-4f29-bb32-2c8d0af37f44/survey_grp/SECTION_HOUSEHOLD_INFO/householdpopulation/hh_pop_repeat[3]"
4,NA,NA,NA,"M",9,0,0,0,0,5,0,"uuid:6331ef50-cb5c-4f29-bb32-2c8d0af37f44","uuid:6331ef50-cb5c-4f29-bb32-2c8d0af37f44/survey_grp/SECTION_HOUSEHOLD_INFO/householdpopulation/hh_pop_repeat[4]"
1,NA,NA,NA,"M",61,1,0,0,0,0,0,"uuid:d055a1e3-16d4-4abf-b999-913bd5eb3153","uuid:d055a1e3-16d4-4abf-b999-913bd5eb3153/survey_grp/SECTION_HOUSEHOLD_INFO/householdpopulation/hh_pop_repeat[1]"
2,NA,NA,NA,"F",57,0,2,0,0,0,0,"uuid:d055a1e3-16d4-4abf-b999-913bd5eb3153","uuid:d055a1e3-16d4-4abf-b999-913bd5eb3153/survey_grp/SECTION_HOUSEHOLD_INFO/householdpopulation/hh_pop_repeat[2]"
3,NA,NA,NA,"F",36,0,2,0,0,0,0,"uuid:d055a1e3-16d4-4abf-b999-913bd5eb3153","uuid:d055a1e3-16d4-4abf-b999-913bd5eb3153/survey_grp/SECTION_HOUSEHOLD_INFO/householdpopulation/hh_pop_repeat[3]"
4,NA,NA,NA,"F",35,0,2,0,0,0,0,"uuid:d055a1e3-16d4-4abf-b999-913bd5eb3153","uuid:d055a1e3-16d4-4abf-b999-913bd5eb3153/survey_grp/SECTION_HOUSEHOLD_INFO/householdpopulation/hh_pop_repeat[4]"
5,NA,NA,NA,"M",30,0,0,3,0,0,0,"uuid:d055a1e3-16d4-4abf-b999-913bd5eb3153","uuid:d055a1e3-16d4-4abf-b999-913bd5eb3153/survey_grp/SECTION_HOUSEHOLD_INFO/householdpopulation/hh_pop_repeat[5]"
6,NA,NA,NA,"M",28,0,0,3,0,0,0,"uuid:d055a1e3-16d4-4abf-b999-913bd5eb3153","uuid:d055a1e3-16d4-4abf-b999-913bd5eb3153/survey_grp/SECTION_HOUSEHOLD_INFO/householdpopulation/hh_pop_repeat[6]"
7,NA,NA,NA,"F",13,0,0,0,0,0,6,"uuid:d055a1e3-16d4-4abf-b999-913bd5eb3153","uuid:d055a1e3-16d4-4abf-b999-913bd5eb3153/survey_grp/SECTION_HOUSEHOLD_INFO/householdpopulation/hh_pop_repeat[7]"
1,NA,NA,NA,"F",36,0,2,0,0,0,0,"uuid:89acdd1e-8a59-466a-98ea-2a1d2483fc4c","uuid:89acdd1e-8a59-466a-98ea-2a1d2483fc4c/survey_grp/SECTION_HOUSEHOLD_INFO/householdpopulation/hh_pop_repeat[1]"
2,NA,NA,NA,"F",20,0,0,0,4,0,0,"uuid:89acdd1e-8a59-466a-98ea-2a1d2483fc4c","uuid:89acdd1e-8a59-466a-98ea-2a1d2483fc4c/survey_grp/SECTION_HOUSEHOLD_INFO/householdpopulation/hh_pop_repeat[2]"
3,NA,NA,NA,"M",38,1,0,0,0,0,0,"uuid:89acdd1e-8a59-466a-98ea-2a1d2483fc4c","uuid:89acdd1e-8a59-466a-98ea-2a1d2483fc4c/survey_grp/SECTION_HOUSEHOLD_INFO/householdpopulation/hh_pop_repeat[3]"
4,NA,NA,NA,"M",12,0,0,0,0,5,0,"uuid:89acdd1e-8a59-466a-98ea-2a1d2483fc4c","uuid:89acdd1e-8a59-466a-98ea-2a1d2483fc4c/survey_grp/SECTION_HOUSEHOLD_INFO/householdpopulation/hh_pop_repeat[4]"
1,NA,NA,NA,"F",74,0,2,0,0,0,0,"uuid:fd4e4236-c8b6-45e2-ad78-cb4a08035aea","uuid:fd4e4236-c8b6-45e2-ad78-cb4a08035aea/survey_grp/SECTION_HOUSEHOLD_INFO/householdpopulation/hh_pop_repeat[1]"
2,NA,NA,NA,"M",50,1,0,0,0,0,0,"uuid:fd4e4236-c8b6-45e2-ad78-cb4a08035aea","uuid:fd4e4236-c8b6-45e2-ad78-cb4a08035aea/survey_grp/SECTION_HOUSEHOLD_INFO/householdpopulation/hh_pop_repeat[2]"
3,NA,NA,NA,"F",32,0,2,0,0,0,0,"uuid:fd4e4236-c8b6-45e2-ad78-cb4a08035aea","uuid:fd4e4236-c8b6-45e2-ad78-cb4a08035aea/survey_grp/SECTION_HOUSEHOLD_INFO/householdpopulation/hh_pop_repeat[3]"
1,NA,NA,NA,"F",60,0,2,0,0,0,0,"uuid:506dfeac-d59b-4802-9ffa-835e8e52c471","uuid:506dfeac-d59b-4802-9ffa-835e8e52c471/survey_grp/SECTION_HOUSEHOLD_INFO/householdpopulation/hh_pop_repeat[1]"
2,NA,NA,NA,"F",23,0,0,0,4,0,0,"uuid:506dfeac-d59b-4802-9ffa-835e8e52c471","uuid:506dfeac-d59b-4802-9ffa-835e8e52c471/survey_grp/SECTION_HOUSEHOLD_INFO/householdpopulation/hh_pop_repeat[2]"
3,NA,NA,NA,"M",59,1,0,0,0,0,0,"uuid:506dfeac-d59b-4802-9ffa-835e8e52c471","uuid:506dfeac-d59b-4802-9ffa-835e8e52c471/survey_grp/SECTION_HOUSEHOLD_INFO/householdpopulation/hh_pop_repeat[3]"
1,NA,NA,NA,"F",54,0,2,0,0,0,0,"uuid:b7c40f40-4114-40cd-8fd0-88064774103a","uuid:b7c40f40-4114-40cd-8fd0-88064774103a/survey_grp/SECTION_HOUSEHOLD_INFO/householdpopulation/hh_pop_repeat[1]"
2,NA,NA,NA,"F",44,0,2,0,0,0,0,"uuid:b7c40f40-4114-40cd-8fd0-88064774103a","uuid:b7c40f40-4114-40cd-8fd0-88064774103a/survey_grp/SECTION_HOUSEHOLD_INFO/householdpopulation/hh_pop_repeat[2]"
3,NA,NA,NA,"M",54,1,0,0,0,0,0,"uuid:b7c40f40-4114-40cd-8fd0-88064774103a","uuid:b7c40f40-4114-40cd-8fd0-88064774103a/survey_grp/SECTION_HOUSEHOLD_INFO/householdpopulation/hh_pop_repeat[3]"
4,NA,NA,NA,"M",18,0,0,3,0,0,0,"uuid:b7c40f40-4114-40cd-8fd0-88064774103a","uuid:b7c40f40-4114-40cd-8fd0-88064774103a/survey_grp/SECTION_HOUSEHOLD_INFO/householdpopulation/hh_pop_repeat[4]"
5,NA,NA,NA,"M",13,0,0,0,0,5,0,"uuid:b7c40f40-4114-40cd-8fd0-88064774103a","uuid:b7c40f40-4114-40cd-8fd0-88064774103a/survey_grp/SECTION_HOUSEHOLD_INFO/householdpopulation/hh_pop_repeat[5]"
6,NA,NA,NA,"M",11,0,0,0,0,5,0,"uuid:b7c40f40-4114-40cd-8fd0-88064774103a","uuid:b7c40f40-4114-40cd-8fd0-88064774103a/survey_grp/SECTION_HOUSEHOLD_INFO/householdpopulation/hh_pop_repeat[6]"
1,NA,NA,NA,"F",76,0,2,0,0,0,0,"uuid:1b87a0ef-fa68-469b-b2bf-8ab677ecebf4","uuid:1b87a0ef-fa68-469b-b2bf-8ab677ecebf4/survey_grp/SECTION_HOUSEHOLD_INFO/householdpopulation/hh_pop_repeat[1]"
2,NA,NA,NA,"F",78,0,2,0,0,0,0,"uuid:1b87a0ef-fa68-469b-b2bf-8ab677ecebf4","uuid:1b87a0ef-fa68-469b-b2bf-8ab677ecebf4/survey_grp/SECTION_HOUSEHOLD_INFO/householdpopulation/hh_pop_repeat[2]"
3,NA,NA,NA,"F",73,0,2,0,0,0,0,"uuid:1b87a0ef-fa68-469b-b2bf-8ab677ecebf4","uuid:1b87a0ef-fa68-469b-b2bf-8ab677ecebf4/survey_grp/SECTION_HOUSEHOLD_INFO/householdpopulation/hh_pop_repeat[3]"
1,NA,NA,NA,"M",62,1,0,0,0,0,0,"uuid:f7cf9bfa-656a-475f-970d-1be251a22c19","uuid:f7cf9bfa-656a-475f-970d-1be251a22c19/survey_grp/SECTION_HOUSEHOLD_INFO/householdpopulation/hh_pop_repeat[1]"
2,NA,NA,NA,"F",62,0,2,0,0,0,0,"uuid:f7cf9bfa-656a-475f-970d-1be251a22c19","uuid:f7cf9bfa-656a-475f-970d-1be251a22c19/survey_grp/SECTION_HOUSEHOLD_INFO/householdpopulation/hh_pop_repeat[2]"
1,NA,NA,NA,"F",73,0,2,0,0,0,0,"uuid:656450d0-3d5c-47f0-b330-7272f1cd78a8","uuid:656450d0-3d5c-47f0-b330-7272f1cd78a8/survey_grp/SECTION_HOUSEHOLD_INFO/householdpopulation/hh_pop_repeat[1]"
2,NA,NA,NA,"F",51,0,2,0,0,0,0,"uuid:656450d0-3d5c-47f0-b330-7272f1cd78a8","uuid:656450d0-3d5c-47f0-b330-7272f1cd78a8/survey_grp/SECTION_HOUSEHOLD_INFO/householdpopulation/hh_pop_repeat[2]"
3,NA,NA,NA,"M",34,1,0,0,0,0,0,"uuid:656450d0-3d5c-47f0-b330-7272f1cd78a8","uuid:656450d0-3d5c-47f0-b330-7272f1cd78a8/survey_grp/SECTION_HOUSEHOLD_INFO/householdpopulation/hh_pop_repeat[3]"
4,NA,NA,NA,"F",25,0,0,0,4,0,0,"uuid:656450d0-3d5c-47f0-b330-7272f1cd78a8","uuid:656450d0-3d5c-47f0-b330-7272f1cd78a8/survey_grp/SECTION_HOUSEHOLD_INFO/householdpopulation/hh_pop_repeat[4]"
5,NA,NA,NA,"M",11,0,0,0,0,5,0,"uuid:656450d0-3d5c-47f0-b330-7272f1cd78a8","uuid:656450d0-3d5c-47f0-b330-7272f1cd78a8/survey_grp/SECTION_HOUSEHOLD_INFO/householdpopulation/hh_pop_repeat[5]"
